[LOG] /home/fap/git/fap-vars/inspection_cases_bundle/api_data/os/_logs/inspection_create_20260615_094218.log
[SEARCH] 기존 서버 항목 조회
[LOOKUP] BACKUP-VERITAS-NBU5240-REPLAY-001 /home/fap/git/fap-vars/inspection_cases_bundle/api_data/os/backup/veritas/netbackup_appliance_5240/1_1_catalog.md
[POST] BACKUP-VERITAS-NBU5240-REPLAY-001 /home/fap/git/fap-vars/inspection_cases_bundle/api_data/os/backup/veritas/netbackup_appliance_5240/1_1_catalog.md execute=True
[ERROR] BACKUP-VERITAS-NBU5240-REPLAY-001 /home/fap/git/fap-vars/inspection_cases_bundle/api_data/os/backup/veritas/netbackup_appliance_5240/1_1_catalog.md: RuntimeError: POST /data/inspection/items HTTP 404: 
[LOOKUP] BACKUP-VERITAS-NBU5240-REPLAY-002 /home/fap/git/fap-vars/inspection_cases_bundle/api_data/os/backup/veritas/netbackup_appliance_5240/1_2_swlog.md
[POST] BACKUP-VERITAS-NBU5240-REPLAY-002 /home/fap/git/fap-vars/inspection_cases_bundle/api_data/os/backup/veritas/netbackup_appliance_5240/1_2_swlog.md execute=True
[ERROR] BACKUP-VERITAS-NBU5240-REPLAY-002 /home/fap/git/fap-vars/inspection_cases_bundle/api_data/os/backup/veritas/netbackup_appliance_5240/1_2_swlog.md: RuntimeError: POST /data/inspection/items HTTP 404: 
[LOOKUP] BACKUP-VERITAS-NBU5240-REPLAY-003 /home/fap/git/fap-vars/inspection_cases_bundle/api_data/os/backup/veritas/netbackup_appliance_5240/2_1_tape_status.md
[POST] BACKUP-VERITAS-NBU5240-REPLAY-003 /home/fap/git/fap-vars/inspection_cases_bundle/api_data/os/backup/veritas/netbackup_appliance_5240/2_1_tape_status.md execute=True
[ERROR] BACKUP-VERITAS-NBU5240-REPLAY-003 /home/fap/git/fap-vars/inspection_cases_bundle/api_data/os/backup/veritas/netbackup_appliance_5240/2_1_tape_status.md: RuntimeError: POST /data/inspection/items HTTP 404: 
[LOOKUP] BACKUP-VERITAS-NBU5240-REPLAY-004 /home/fap/git/fap-vars/inspection_cases_bundle/api_data/os/backup/veritas/netbackup_appliance_5240/2_2_tape_active.md
[POST] BACKUP-VERITAS-NBU5240-REPLAY-004 /home/fap/git/fap-vars/inspection_cases_bundle/api_data/os/backup/veritas/netbackup_appliance_5240/2_2_tape_active.md execute=True
[ERROR] BACKUP-VERITAS-NBU5240-REPLAY-004 /home/fap/git/fap-vars/inspection_cases_bundle/api_data/os/backup/veritas/netbackup_appliance_5240/2_2_tape_active.md: RuntimeError: POST /data/inspection/items HTTP 404: 
[LOOKUP] BACKUP-VERITAS-NBU5240-REPLAY-005 /home/fap/git/fap-vars/inspection_cases_bundle/api_data/os/backup/veritas/netbackup_appliance_5240/2_3_tape_used.md
[POST] BACKUP-VERITAS-NBU5240-REPLAY-005 /home/fap/git/fap-vars/inspection_cases_bundle/api_data/os/backup/veritas/netbackup_appliance_5240/2_3_tape_used.md execute=True
[ERROR] BACKUP-VERITAS-NBU5240-REPLAY-005 /home/fap/git/fap-vars/inspection_cases_bundle/api_data/os/backup/veritas/netbackup_appliance_5240/2_3_tape_used.md: RuntimeError: POST /data/inspection/items HTTP 404: 
[LOOKUP] BACKUP-VERITAS-NBU5240-REPLAY-006 /home/fap/git/fap-vars/inspection_cases_bundle/api_data/os/backup/veritas/netbackup_appliance_5240/2_4_disk.md
[POST] BACKUP-VERITAS-NBU5240-REPLAY-006 /home/fap/git/fap-vars/inspection_cases_bundle/api_data/os/backup/veritas/netbackup_appliance_5240/2_4_disk.md execute=True
[ERROR] BACKUP-VERITAS-NBU5240-REPLAY-006 /home/fap/git/fap-vars/inspection_cases_bundle/api_data/os/backup/veritas/netbackup_appliance_5240/2_4_disk.md: RuntimeError: POST /data/inspection/items HTTP 404: 
[LOOKUP] BACKUP-VERITAS-NBU5240-REPLAY-007 /home/fap/git/fap-vars/inspection_cases_bundle/api_data/os/backup/veritas/netbackup_appliance_5240/2_5_schedule.md
[POST] BACKUP-VERITAS-NBU5240-REPLAY-007 /home/fap/git/fap-vars/inspection_cases_bundle/api_data/os/backup/veritas/netbackup_appliance_5240/2_5_schedule.md execute=True
[ERROR] BACKUP-VERITAS-NBU5240-REPLAY-007 /home/fap/git/fap-vars/inspection_cases_bundle/api_data/os/backup/veritas/netbackup_appliance_5240/2_5_schedule.md: RuntimeError: POST /data/inspection/items HTTP 404: 
[LOOKUP] BACKUP-VERITAS-NBU5240-REPLAY-008 /home/fap/git/fap-vars/inspection_cases_bundle/api_data/os/backup/veritas/netbackup_appliance_5240/2_6_etc.md
[POST] BACKUP-VERITAS-NBU5240-REPLAY-008 /home/fap/git/fap-vars/inspection_cases_bundle/api_data/os/backup/veritas/netbackup_appliance_5240/2_6_etc.md execute=True
[ERROR] BACKUP-VERITAS-NBU5240-REPLAY-008 /home/fap/git/fap-vars/inspection_cases_bundle/api_data/os/backup/veritas/netbackup_appliance_5240/2_6_etc.md: RuntimeError: POST /data/inspection/items HTTP 404: 
[LOOKUP] BACKUP-VERITAS-NBU5240-REPLAY-009 /home/fap/git/fap-vars/inspection_cases_bundle/api_data/os/backup/veritas/netbackup_appliance_5240/3_1_disk_port.md
[POST] BACKUP-VERITAS-NBU5240-REPLAY-009 /home/fap/git/fap-vars/inspection_cases_bundle/api_data/os/backup/veritas/netbackup_appliance_5240/3_1_disk_port.md execute=True
[ERROR] BACKUP-VERITAS-NBU5240-REPLAY-009 /home/fap/git/fap-vars/inspection_cases_bundle/api_data/os/backup/veritas/netbackup_appliance_5240/3_1_disk_port.md: RuntimeError: POST /data/inspection/items HTTP 404: 
[LOOKUP] BACKUP-VERITAS-NBU5240-REPLAY-010 /home/fap/git/fap-vars/inspection_cases_bundle/api_data/os/backup/veritas/netbackup_appliance_5240/4_1_swstatus.md
[POST] BACKUP-VERITAS-NBU5240-REPLAY-010 /home/fap/git/fap-vars/inspection_cases_bundle/api_data/os/backup/veritas/netbackup_appliance_5240/4_1_swstatus.md execute=True
[ERROR] BACKUP-VERITAS-NBU5240-REPLAY-010 /home/fap/git/fap-vars/inspection_cases_bundle/api_data/os/backup/veritas/netbackup_appliance_5240/4_1_swstatus.md: RuntimeError: POST /data/inspection/items HTTP 404: 
[LOOKUP] DBMS-ORACLE-ROCKY-DB-1-1-FS-ENGINE /home/fap/git/fap-vars/inspection_cases_bundle/api_data/os/dbms/oracle/rocky/db_1_1_fs_engine_chk.md
[LOOKUP] application 보정: rocky -> oracle
[POST] DBMS-ORACLE-ROCKY-DB-1-1-FS-ENGINE /home/fap/git/fap-vars/inspection_cases_bundle/api_data/os/dbms/oracle/rocky/db_1_1_fs_engine_chk.md execute=True
[ERROR] DBMS-ORACLE-ROCKY-DB-1-1-FS-ENGINE /home/fap/git/fap-vars/inspection_cases_bundle/api_data/os/dbms/oracle/rocky/db_1_1_fs_engine_chk.md: RuntimeError: POST /data/inspection/items HTTP 404: 
[LOOKUP] DBMS-ORACLE-ROCKY-DB-1-2-FS-ARCHIVE-LOG /home/fap/git/fap-vars/inspection_cases_bundle/api_data/os/dbms/oracle/rocky/db_1_2_fs_archive_log_chk.md
[LOOKUP] application 보정: rocky -> oracle
[POST] DBMS-ORACLE-ROCKY-DB-1-2-FS-ARCHIVE-LOG /home/fap/git/fap-vars/inspection_cases_bundle/api_data/os/dbms/oracle/rocky/db_1_2_fs_archive_log_chk.md execute=True
[ERROR] DBMS-ORACLE-ROCKY-DB-1-2-FS-ARCHIVE-LOG /home/fap/git/fap-vars/inspection_cases_bundle/api_data/os/dbms/oracle/rocky/db_1_2_fs_archive_log_chk.md: RuntimeError: POST /data/inspection/items HTTP 404: 
[LOOKUP] DBMS-ORACLE-ROCKY-DB-1-3-FS-DB-SYSTEM-LOG /home/fap/git/fap-vars/inspection_cases_bundle/api_data/os/dbms/oracle/rocky/db_1_3_fs_db_sys_log_chk.md
[LOOKUP] application 보정: rocky -> oracle
[POST] DBMS-ORACLE-ROCKY-DB-1-3-FS-DB-SYSTEM-LOG /home/fap/git/fap-vars/inspection_cases_bundle/api_data/os/dbms/oracle/rocky/db_1_3_fs_db_sys_log_chk.md execute=True
[ERROR] DBMS-ORACLE-ROCKY-DB-1-3-FS-DB-SYSTEM-LOG /home/fap/git/fap-vars/inspection_cases_bundle/api_data/os/dbms/oracle/rocky/db_1_3_fs_db_sys_log_chk.md: RuntimeError: POST /data/inspection/items HTTP 404: 
[LOOKUP] DBMS-ORACLE-ROCKY-DB-2-3-DB-ACCESS /home/fap/git/fap-vars/inspection_cases_bundle/api_data/os/dbms/oracle/rocky/db_2_3_ps_db_sys_status_chk.md
[LOOKUP] application 보정: rocky -> oracle
[POST] DBMS-ORACLE-ROCKY-DB-2-3-DB-ACCESS /home/fap/git/fap-vars/inspection_cases_bundle/api_data/os/dbms/oracle/rocky/db_2_3_ps_db_sys_status_chk.md execute=True
[ERROR] DBMS-ORACLE-ROCKY-DB-2-3-DB-ACCESS /home/fap/git/fap-vars/inspection_cases_bundle/api_data/os/dbms/oracle/rocky/db_2_3_ps_db_sys_status_chk.md: RuntimeError: POST /data/inspection/items HTTP 404: 
[LOOKUP] DBMS-ORACLE-ROCKY-DB-3-1-OS-MEMORY /home/fap/git/fap-vars/inspection_cases_bundle/api_data/os/dbms/oracle/rocky/db_3_1_os_mem_chk.md
[LOOKUP] application 보정: rocky -> oracle
[POST] DBMS-ORACLE-ROCKY-DB-3-1-OS-MEMORY /home/fap/git/fap-vars/inspection_cases_bundle/api_data/os/dbms/oracle/rocky/db_3_1_os_mem_chk.md execute=True
[ERROR] DBMS-ORACLE-ROCKY-DB-3-1-OS-MEMORY /home/fap/git/fap-vars/inspection_cases_bundle/api_data/os/dbms/oracle/rocky/db_3_1_os_mem_chk.md: RuntimeError: POST /data/inspection/items HTTP 404: 
[LOOKUP] DBMS-ORACLE-ROCKY-DB-3-2-OS-CPU /home/fap/git/fap-vars/inspection_cases_bundle/api_data/os/dbms/oracle/rocky/db_3_2_os_cpu_chk.md
[LOOKUP] application 보정: rocky -> oracle
[POST] DBMS-ORACLE-ROCKY-DB-3-2-OS-CPU /home/fap/git/fap-vars/inspection_cases_bundle/api_data/os/dbms/oracle/rocky/db_3_2_os_cpu_chk.md execute=True
[ERROR] DBMS-ORACLE-ROCKY-DB-3-2-OS-CPU /home/fap/git/fap-vars/inspection_cases_bundle/api_data/os/dbms/oracle/rocky/db_3_2_os_cpu_chk.md: RuntimeError: POST /data/inspection/items HTTP 404: 
[LOOKUP] DBMS-ORACLE-ROCKY-DB-4-1-DB-LOG /home/fap/git/fap-vars/inspection_cases_bundle/api_data/os/dbms/oracle/rocky/db_4_1_log_db_chk.md
[LOOKUP] application 보정: rocky -> oracle
[POST] DBMS-ORACLE-ROCKY-DB-4-1-DB-LOG /home/fap/git/fap-vars/inspection_cases_bundle/api_data/os/dbms/oracle/rocky/db_4_1_log_db_chk.md execute=True
[ERROR] DBMS-ORACLE-ROCKY-DB-4-1-DB-LOG /home/fap/git/fap-vars/inspection_cases_bundle/api_data/os/dbms/oracle/rocky/db_4_1_log_db_chk.md: RuntimeError: POST /data/inspection/items HTTP 404: 
[LOOKUP] DBMS-ORACLE-ROCKY-DB-4-2-LISTENER-LOG /home/fap/git/fap-vars/inspection_cases_bundle/api_data/os/dbms/oracle/rocky/db_4_2_log_lsnr_chk.md
[LOOKUP] application 보정: rocky -> oracle
[POST] DBMS-ORACLE-ROCKY-DB-4-2-LISTENER-LOG /home/fap/git/fap-vars/inspection_cases_bundle/api_data/os/dbms/oracle/rocky/db_4_2_log_lsnr_chk.md execute=True
[ERROR] DBMS-ORACLE-ROCKY-DB-4-2-LISTENER-LOG /home/fap/git/fap-vars/inspection_cases_bundle/api_data/os/dbms/oracle/rocky/db_4_2_log_lsnr_chk.md: RuntimeError: POST /data/inspection/items HTTP 404: 
[LOOKUP] DBMS-ORACLE-ROCKY-DB-4-3-DUMP-LOG /home/fap/git/fap-vars/inspection_cases_bundle/api_data/os/dbms/oracle/rocky/db_4_3_log_dump_chk.md
[LOOKUP] application 보정: rocky -> oracle
[POST] DBMS-ORACLE-ROCKY-DB-4-3-DUMP-LOG /home/fap/git/fap-vars/inspection_cases_bundle/api_data/os/dbms/oracle/rocky/db_4_3_log_dump_chk.md execute=True
[ERROR] DBMS-ORACLE-ROCKY-DB-4-3-DUMP-LOG /home/fap/git/fap-vars/inspection_cases_bundle/api_data/os/dbms/oracle/rocky/db_4_3_log_dump_chk.md: RuntimeError: POST /data/inspection/items HTTP 404: 
[LOOKUP] DBMS-ORACLE-ROCKY-DB-4-4-ENGINE-LOG /home/fap/git/fap-vars/inspection_cases_bundle/api_data/os/dbms/oracle/rocky/db_4_4_log_engine_chk.md
[LOOKUP] application 보정: rocky -> oracle
[POST] DBMS-ORACLE-ROCKY-DB-4-4-ENGINE-LOG /home/fap/git/fap-vars/inspection_cases_bundle/api_data/os/dbms/oracle/rocky/db_4_4_log_engine_chk.md execute=True
[ERROR] DBMS-ORACLE-ROCKY-DB-4-4-ENGINE-LOG /home/fap/git/fap-vars/inspection_cases_bundle/api_data/os/dbms/oracle/rocky/db_4_4_log_engine_chk.md: RuntimeError: POST /data/inspection/items HTTP 404: 
[LOOKUP] DBMS-ORACLE-ROCKY-DB-5-1-PROCESSES /home/fap/git/fap-vars/inspection_cases_bundle/api_data/os/dbms/oracle/rocky/db_5_1_param_ps_chk.md
[LOOKUP] application 보정: rocky -> oracle
[POST] DBMS-ORACLE-ROCKY-DB-5-1-PROCESSES /home/fap/git/fap-vars/inspection_cases_bundle/api_data/os/dbms/oracle/rocky/db_5_1_param_ps_chk.md execute=True
[ERROR] DBMS-ORACLE-ROCKY-DB-5-1-PROCESSES /home/fap/git/fap-vars/inspection_cases_bundle/api_data/os/dbms/oracle/rocky/db_5_1_param_ps_chk.md: RuntimeError: POST /data/inspection/items HTTP 404: 
[LOOKUP] DBMS-ORACLE-ROCKY-DB-7-1-TABLESPACE /home/fap/git/fap-vars/inspection_cases_bundle/api_data/os/dbms/oracle/rocky/db_7_1_table_space_chk.md
[LOOKUP] application 보정: rocky -> oracle
[POST] DBMS-ORACLE-ROCKY-DB-7-1-TABLESPACE /home/fap/git/fap-vars/inspection_cases_bundle/api_data/os/dbms/oracle/rocky/db_7_1_table_space_chk.md execute=True
[ERROR] DBMS-ORACLE-ROCKY-DB-7-1-TABLESPACE /home/fap/git/fap-vars/inspection_cases_bundle/api_data/os/dbms/oracle/rocky/db_7_1_table_space_chk.md: RuntimeError: POST /data/inspection/items HTTP 404: 
[LOOKUP] DBMS-ORACLE-ROCKY-DB-8-1-RMAN-BACKUP /home/fap/git/fap-vars/inspection_cases_bundle/api_data/os/dbms/oracle/rocky/db_8_1_backup_status_chk.md
[LOOKUP] application 보정: rocky -> oracle
[POST] DBMS-ORACLE-ROCKY-DB-8-1-RMAN-BACKUP /home/fap/git/fap-vars/inspection_cases_bundle/api_data/os/dbms/oracle/rocky/db_8_1_backup_status_chk.md execute=True
[ERROR] DBMS-ORACLE-ROCKY-DB-8-1-RMAN-BACKUP /home/fap/git/fap-vars/inspection_cases_bundle/api_data/os/dbms/oracle/rocky/db_8_1_backup_status_chk.md: RuntimeError: POST /data/inspection/items HTTP 404: 
[LOOKUP] DBMS-ORACLE-ROCKY-DB-9-1-REDO-LOG /home/fap/git/fap-vars/inspection_cases_bundle/api_data/os/dbms/oracle/rocky/db_9_1_transaction_log_chk.md
[LOOKUP] application 보정: rocky -> oracle
[POST] DBMS-ORACLE-ROCKY-DB-9-1-REDO-LOG /home/fap/git/fap-vars/inspection_cases_bundle/api_data/os/dbms/oracle/rocky/db_9_1_transaction_log_chk.md execute=True
[ERROR] DBMS-ORACLE-ROCKY-DB-9-1-REDO-LOG /home/fap/git/fap-vars/inspection_cases_bundle/api_data/os/dbms/oracle/rocky/db_9_1_transaction_log_chk.md: RuntimeError: POST /data/inspection/items HTTP 404: 
[LOOKUP] DBMS-ORACLE-SOLARIS-REPLAY-001 /home/fap/git/fap-vars/inspection_cases_bundle/api_data/os/dbms/oracle/solaris/db_1_1_fs_engine_chk.md
[LOOKUP] application 보정: solaris -> oracle
[POST] DBMS-ORACLE-SOLARIS-REPLAY-001 /home/fap/git/fap-vars/inspection_cases_bundle/api_data/os/dbms/oracle/solaris/db_1_1_fs_engine_chk.md execute=True
[ERROR] DBMS-ORACLE-SOLARIS-REPLAY-001 /home/fap/git/fap-vars/inspection_cases_bundle/api_data/os/dbms/oracle/solaris/db_1_1_fs_engine_chk.md: RuntimeError: POST /data/inspection/items HTTP 404: 
[LOOKUP] DBMS-ORACLE-SOLARIS-REPLAY-002 /home/fap/git/fap-vars/inspection_cases_bundle/api_data/os/dbms/oracle/solaris/db_1_2_fs_archive_log_chk.md
[LOOKUP] application 보정: solaris -> oracle
[POST] DBMS-ORACLE-SOLARIS-REPLAY-002 /home/fap/git/fap-vars/inspection_cases_bundle/api_data/os/dbms/oracle/solaris/db_1_2_fs_archive_log_chk.md execute=True
[ERROR] DBMS-ORACLE-SOLARIS-REPLAY-002 /home/fap/git/fap-vars/inspection_cases_bundle/api_data/os/dbms/oracle/solaris/db_1_2_fs_archive_log_chk.md: RuntimeError: POST /data/inspection/items HTTP 404: 
[LOOKUP] DBMS-ORACLE-SOLARIS-REPLAY-003 /home/fap/git/fap-vars/inspection_cases_bundle/api_data/os/dbms/oracle/solaris/db_1_3_fs_db_sys_log_chk.md
[LOOKUP] application 보정: solaris -> oracle
[POST] DBMS-ORACLE-SOLARIS-REPLAY-003 /home/fap/git/fap-vars/inspection_cases_bundle/api_data/os/dbms/oracle/solaris/db_1_3_fs_db_sys_log_chk.md execute=True
[ERROR] DBMS-ORACLE-SOLARIS-REPLAY-003 /home/fap/git/fap-vars/inspection_cases_bundle/api_data/os/dbms/oracle/solaris/db_1_3_fs_db_sys_log_chk.md: RuntimeError: POST /data/inspection/items HTTP 404: 
[LOOKUP] DBMS-ORACLE-SOLARIS-REPLAY-004 /home/fap/git/fap-vars/inspection_cases_bundle/api_data/os/dbms/oracle/solaris/db_2_1_ps_main_status_chk.md
[LOOKUP] application 보정: solaris -> oracle
[POST] DBMS-ORACLE-SOLARIS-REPLAY-004 /home/fap/git/fap-vars/inspection_cases_bundle/api_data/os/dbms/oracle/solaris/db_2_1_ps_main_status_chk.md execute=True
[ERROR] DBMS-ORACLE-SOLARIS-REPLAY-004 /home/fap/git/fap-vars/inspection_cases_bundle/api_data/os/dbms/oracle/solaris/db_2_1_ps_main_status_chk.md: RuntimeError: POST /data/inspection/items HTTP 404: 
[LOOKUP] DBMS-ORACLE-SOLARIS-REPLAY-005 /home/fap/git/fap-vars/inspection_cases_bundle/api_data/os/dbms/oracle/solaris/db_2_2_ps_lsnr_status_chk.md
[LOOKUP] application 보정: solaris -> oracle
[POST] DBMS-ORACLE-SOLARIS-REPLAY-005 /home/fap/git/fap-vars/inspection_cases_bundle/api_data/os/dbms/oracle/solaris/db_2_2_ps_lsnr_status_chk.md execute=True
[ERROR] DBMS-ORACLE-SOLARIS-REPLAY-005 /home/fap/git/fap-vars/inspection_cases_bundle/api_data/os/dbms/oracle/solaris/db_2_2_ps_lsnr_status_chk.md: RuntimeError: POST /data/inspection/items HTTP 404: 
[LOOKUP] DBMS-ORACLE-SOLARIS-REPLAY-006 /home/fap/git/fap-vars/inspection_cases_bundle/api_data/os/dbms/oracle/solaris/db_2_3_ps_db_sys_status_chk.md
[LOOKUP] application 보정: solaris -> oracle
[POST] DBMS-ORACLE-SOLARIS-REPLAY-006 /home/fap/git/fap-vars/inspection_cases_bundle/api_data/os/dbms/oracle/solaris/db_2_3_ps_db_sys_status_chk.md execute=True
[ERROR] DBMS-ORACLE-SOLARIS-REPLAY-006 /home/fap/git/fap-vars/inspection_cases_bundle/api_data/os/dbms/oracle/solaris/db_2_3_ps_db_sys_status_chk.md: RuntimeError: POST /data/inspection/items HTTP 404: 
[LOOKUP] DBMS-ORACLE-SOLARIS-REPLAY-007 /home/fap/git/fap-vars/inspection_cases_bundle/api_data/os/dbms/oracle/solaris/db_3_1_os_mem_chk.md
[LOOKUP] application 보정: solaris -> oracle
[POST] DBMS-ORACLE-SOLARIS-REPLAY-007 /home/fap/git/fap-vars/inspection_cases_bundle/api_data/os/dbms/oracle/solaris/db_3_1_os_mem_chk.md execute=True
[ERROR] DBMS-ORACLE-SOLARIS-REPLAY-007 /home/fap/git/fap-vars/inspection_cases_bundle/api_data/os/dbms/oracle/solaris/db_3_1_os_mem_chk.md: RuntimeError: POST /data/inspection/items HTTP 404: 
[LOOKUP] DBMS-ORACLE-SOLARIS-REPLAY-008 /home/fap/git/fap-vars/inspection_cases_bundle/api_data/os/dbms/oracle/solaris/db_3_2_os_cpu_chk.md
[LOOKUP] application 보정: solaris -> oracle
[POST] DBMS-ORACLE-SOLARIS-REPLAY-008 /home/fap/git/fap-vars/inspection_cases_bundle/api_data/os/dbms/oracle/solaris/db_3_2_os_cpu_chk.md execute=True
[ERROR] DBMS-ORACLE-SOLARIS-REPLAY-008 /home/fap/git/fap-vars/inspection_cases_bundle/api_data/os/dbms/oracle/solaris/db_3_2_os_cpu_chk.md: RuntimeError: POST /data/inspection/items HTTP 404: 
[LOOKUP] DBMS-ORACLE-SOLARIS-REPLAY-009 /home/fap/git/fap-vars/inspection_cases_bundle/api_data/os/dbms/oracle/solaris/db_4_1_log_db_chk.md
[LOOKUP] application 보정: solaris -> oracle
[POST] DBMS-ORACLE-SOLARIS-REPLAY-009 /home/fap/git/fap-vars/inspection_cases_bundle/api_data/os/dbms/oracle/solaris/db_4_1_log_db_chk.md execute=True
[ERROR] DBMS-ORACLE-SOLARIS-REPLAY-009 /home/fap/git/fap-vars/inspection_cases_bundle/api_data/os/dbms/oracle/solaris/db_4_1_log_db_chk.md: RuntimeError: POST /data/inspection/items HTTP 404: 
[LOOKUP] DBMS-ORACLE-SOLARIS-REPLAY-010 /home/fap/git/fap-vars/inspection_cases_bundle/api_data/os/dbms/oracle/solaris/db_4_2_log_lsnr_chk.md
[LOOKUP] application 보정: solaris -> oracle
[POST] DBMS-ORACLE-SOLARIS-REPLAY-010 /home/fap/git/fap-vars/inspection_cases_bundle/api_data/os/dbms/oracle/solaris/db_4_2_log_lsnr_chk.md execute=True
[ERROR] DBMS-ORACLE-SOLARIS-REPLAY-010 /home/fap/git/fap-vars/inspection_cases_bundle/api_data/os/dbms/oracle/solaris/db_4_2_log_lsnr_chk.md: RuntimeError: POST /data/inspection/items HTTP 404: 
[LOOKUP] DBMS-ORACLE-SOLARIS-REPLAY-011 /home/fap/git/fap-vars/inspection_cases_bundle/api_data/os/dbms/oracle/solaris/db_4_3_log_dump_chk.md
[LOOKUP] application 보정: solaris -> oracle
[POST] DBMS-ORACLE-SOLARIS-REPLAY-011 /home/fap/git/fap-vars/inspection_cases_bundle/api_data/os/dbms/oracle/solaris/db_4_3_log_dump_chk.md execute=True
[ERROR] DBMS-ORACLE-SOLARIS-REPLAY-011 /home/fap/git/fap-vars/inspection_cases_bundle/api_data/os/dbms/oracle/solaris/db_4_3_log_dump_chk.md: RuntimeError: POST /data/inspection/items HTTP 404: 
[LOOKUP] DBMS-ORACLE-SOLARIS-REPLAY-012 /home/fap/git/fap-vars/inspection_cases_bundle/api_data/os/dbms/oracle/solaris/db_4_4_log_engine_chk.md
[LOOKUP] application 보정: solaris -> oracle
[POST] DBMS-ORACLE-SOLARIS-REPLAY-012 /home/fap/git/fap-vars/inspection_cases_bundle/api_data/os/dbms/oracle/solaris/db_4_4_log_engine_chk.md execute=True
[ERROR] DBMS-ORACLE-SOLARIS-REPLAY-012 /home/fap/git/fap-vars/inspection_cases_bundle/api_data/os/dbms/oracle/solaris/db_4_4_log_engine_chk.md: RuntimeError: POST /data/inspection/items HTTP 404: 
[LOOKUP] DBMS-ORACLE-SOLARIS-REPLAY-013 /home/fap/git/fap-vars/inspection_cases_bundle/api_data/os/dbms/oracle/solaris/db_5_1_param_ps_chk.md
[LOOKUP] application 보정: solaris -> oracle
[POST] DBMS-ORACLE-SOLARIS-REPLAY-013 /home/fap/git/fap-vars/inspection_cases_bundle/api_data/os/dbms/oracle/solaris/db_5_1_param_ps_chk.md execute=True
[ERROR] DBMS-ORACLE-SOLARIS-REPLAY-013 /home/fap/git/fap-vars/inspection_cases_bundle/api_data/os/dbms/oracle/solaris/db_5_1_param_ps_chk.md: RuntimeError: POST /data/inspection/items HTTP 404: 
[LOOKUP] DBMS-ORACLE-SOLARIS-REPLAY-014 /home/fap/git/fap-vars/inspection_cases_bundle/api_data/os/dbms/oracle/solaris/db_5_2_param_sga_chk.md
[LOOKUP] application 보정: solaris -> oracle
[POST] DBMS-ORACLE-SOLARIS-REPLAY-014 /home/fap/git/fap-vars/inspection_cases_bundle/api_data/os/dbms/oracle/solaris/db_5_2_param_sga_chk.md execute=True
[ERROR] DBMS-ORACLE-SOLARIS-REPLAY-014 /home/fap/git/fap-vars/inspection_cases_bundle/api_data/os/dbms/oracle/solaris/db_5_2_param_sga_chk.md: RuntimeError: POST /data/inspection/items HTTP 404: 
[LOOKUP] DBMS-ORACLE-SOLARIS-REPLAY-015 /home/fap/git/fap-vars/inspection_cases_bundle/api_data/os/dbms/oracle/solaris/db_6_1_active_standby_chk.md
[LOOKUP] application 보정: solaris -> oracle
[POST] DBMS-ORACLE-SOLARIS-REPLAY-015 /home/fap/git/fap-vars/inspection_cases_bundle/api_data/os/dbms/oracle/solaris/db_6_1_active_standby_chk.md execute=True
[ERROR] DBMS-ORACLE-SOLARIS-REPLAY-015 /home/fap/git/fap-vars/inspection_cases_bundle/api_data/os/dbms/oracle/solaris/db_6_1_active_standby_chk.md: RuntimeError: POST /data/inspection/items HTTP 404: 
[LOOKUP] DBMS-ORACLE-SOLARIS-REPLAY-016 /home/fap/git/fap-vars/inspection_cases_bundle/api_data/os/dbms/oracle/solaris/db_6_2_ctrl_file_chk.md
[LOOKUP] application 보정: solaris -> oracle
[POST] DBMS-ORACLE-SOLARIS-REPLAY-016 /home/fap/git/fap-vars/inspection_cases_bundle/api_data/os/dbms/oracle/solaris/db_6_2_ctrl_file_chk.md execute=True
[ERROR] DBMS-ORACLE-SOLARIS-REPLAY-016 /home/fap/git/fap-vars/inspection_cases_bundle/api_data/os/dbms/oracle/solaris/db_6_2_ctrl_file_chk.md: RuntimeError: POST /data/inspection/items HTTP 404: 
[LOOKUP] DBMS-ORACLE-SOLARIS-REPLAY-017 /home/fap/git/fap-vars/inspection_cases_bundle/api_data/os/dbms/oracle/solaris/db_6_3_redo_file_chk.md
[LOOKUP] application 보정: solaris -> oracle
[POST] DBMS-ORACLE-SOLARIS-REPLAY-017 /home/fap/git/fap-vars/inspection_cases_bundle/api_data/os/dbms/oracle/solaris/db_6_3_redo_file_chk.md execute=True
[ERROR] DBMS-ORACLE-SOLARIS-REPLAY-017 /home/fap/git/fap-vars/inspection_cases_bundle/api_data/os/dbms/oracle/solaris/db_6_3_redo_file_chk.md: RuntimeError: POST /data/inspection/items HTTP 404: 
[LOOKUP] DBMS-ORACLE-SOLARIS-REPLAY-018 /home/fap/git/fap-vars/inspection_cases_bundle/api_data/os/dbms/oracle/solaris/db_7_1_table_space_chk.md
[LOOKUP] application 보정: solaris -> oracle
[POST] DBMS-ORACLE-SOLARIS-REPLAY-018 /home/fap/git/fap-vars/inspection_cases_bundle/api_data/os/dbms/oracle/solaris/db_7_1_table_space_chk.md execute=True
[ERROR] DBMS-ORACLE-SOLARIS-REPLAY-018 /home/fap/git/fap-vars/inspection_cases_bundle/api_data/os/dbms/oracle/solaris/db_7_1_table_space_chk.md: RuntimeError: POST /data/inspection/items HTTP 404: 
[LOOKUP] DBMS-ORACLE-SOLARIS-REPLAY-019 /home/fap/git/fap-vars/inspection_cases_bundle/api_data/os/dbms/oracle/solaris/db_8_1_backup_status_chk.md
[LOOKUP] application 보정: solaris -> oracle
[POST] DBMS-ORACLE-SOLARIS-REPLAY-019 /home/fap/git/fap-vars/inspection_cases_bundle/api_data/os/dbms/oracle/solaris/db_8_1_backup_status_chk.md execute=True
[ERROR] DBMS-ORACLE-SOLARIS-REPLAY-019 /home/fap/git/fap-vars/inspection_cases_bundle/api_data/os/dbms/oracle/solaris/db_8_1_backup_status_chk.md: RuntimeError: POST /data/inspection/items HTTP 404: 
[LOOKUP] DBMS-ORACLE-SOLARIS-REPLAY-020 /home/fap/git/fap-vars/inspection_cases_bundle/api_data/os/dbms/oracle/solaris/db_8_2_backup_archive_status_chk.md
[LOOKUP] application 보정: solaris -> oracle
[POST] DBMS-ORACLE-SOLARIS-REPLAY-020 /home/fap/git/fap-vars/inspection_cases_bundle/api_data/os/dbms/oracle/solaris/db_8_2_backup_archive_status_chk.md execute=True
[ERROR] DBMS-ORACLE-SOLARIS-REPLAY-020 /home/fap/git/fap-vars/inspection_cases_bundle/api_data/os/dbms/oracle/solaris/db_8_2_backup_archive_status_chk.md: RuntimeError: POST /data/inspection/items HTTP 404: 
[LOOKUP] DBMS-ORACLE-SOLARIS-REPLAY-021 /home/fap/git/fap-vars/inspection_cases_bundle/api_data/os/dbms/oracle/solaris/db_8_3_backup_config_chk.md
[LOOKUP] application 보정: solaris -> oracle
[POST] DBMS-ORACLE-SOLARIS-REPLAY-021 /home/fap/git/fap-vars/inspection_cases_bundle/api_data/os/dbms/oracle/solaris/db_8_3_backup_config_chk.md execute=True
[ERROR] DBMS-ORACLE-SOLARIS-REPLAY-021 /home/fap/git/fap-vars/inspection_cases_bundle/api_data/os/dbms/oracle/solaris/db_8_3_backup_config_chk.md: RuntimeError: POST /data/inspection/items HTTP 404: 
[LOOKUP] DBMS-ORACLE-SOLARIS-REPLAY-022 /home/fap/git/fap-vars/inspection_cases_bundle/api_data/os/dbms/oracle/solaris/db_9_1_transaction_log_chk.md
[LOOKUP] application 보정: solaris -> oracle
[POST] DBMS-ORACLE-SOLARIS-REPLAY-022 /home/fap/git/fap-vars/inspection_cases_bundle/api_data/os/dbms/oracle/solaris/db_9_1_transaction_log_chk.md execute=True
[ERROR] DBMS-ORACLE-SOLARIS-REPLAY-022 /home/fap/git/fap-vars/inspection_cases_bundle/api_data/os/dbms/oracle/solaris/db_9_1_transaction_log_chk.md: RuntimeError: POST /data/inspection/items HTTP 404: 
[LOOKUP] NETWORK-CISCO-IOS-C2960X-CPU-01 /home/fap/git/fap-vars/inspection_cases_bundle/api_data/os/network/cisco_ios/c2960x/cisco_1_1_os_cpu_chk.md
[POST] NETWORK-CISCO-IOS-C2960X-CPU-01 /home/fap/git/fap-vars/inspection_cases_bundle/api_data/os/network/cisco_ios/c2960x/cisco_1_1_os_cpu_chk.md execute=True
[ERROR] NETWORK-CISCO-IOS-C2960X-CPU-01 /home/fap/git/fap-vars/inspection_cases_bundle/api_data/os/network/cisco_ios/c2960x/cisco_1_1_os_cpu_chk.md: RuntimeError: POST /data/inspection/items HTTP 404: 
[LOOKUP] NETWORK-CISCO-IOS-C2960X-MEMORY-01 /home/fap/git/fap-vars/inspection_cases_bundle/api_data/os/network/cisco_ios/c2960x/cisco_1_2_os_mem_chk.md
[POST] NETWORK-CISCO-IOS-C2960X-MEMORY-01 /home/fap/git/fap-vars/inspection_cases_bundle/api_data/os/network/cisco_ios/c2960x/cisco_1_2_os_mem_chk.md execute=True
[ERROR] NETWORK-CISCO-IOS-C2960X-MEMORY-01 /home/fap/git/fap-vars/inspection_cases_bundle/api_data/os/network/cisco_ios/c2960x/cisco_1_2_os_mem_chk.md: RuntimeError: POST /data/inspection/items HTTP 404: 
[LOOKUP] NETWORK-CISCO-IOS-C2960X-INTERFACE-TRAFFIC-01 /home/fap/git/fap-vars/inspection_cases_bundle/api_data/os/network/cisco_ios/c2960x/cisco_2_1_if_traffic_chk.md
[POST] NETWORK-CISCO-IOS-C2960X-INTERFACE-TRAFFIC-01 /home/fap/git/fap-vars/inspection_cases_bundle/api_data/os/network/cisco_ios/c2960x/cisco_2_1_if_traffic_chk.md execute=True
[ERROR] NETWORK-CISCO-IOS-C2960X-INTERFACE-TRAFFIC-01 /home/fap/git/fap-vars/inspection_cases_bundle/api_data/os/network/cisco_ios/c2960x/cisco_2_1_if_traffic_chk.md: RuntimeError: POST /data/inspection/items HTTP 404: 
[LOOKUP] NETWORK-CISCO-IOS-C2960X-INTERFACE-STATUS-01 /home/fap/git/fap-vars/inspection_cases_bundle/api_data/os/network/cisco_ios/c2960x/cisco_2_2_if_status_chk.md
[POST] NETWORK-CISCO-IOS-C2960X-INTERFACE-STATUS-01 /home/fap/git/fap-vars/inspection_cases_bundle/api_data/os/network/cisco_ios/c2960x/cisco_2_2_if_status_chk.md execute=True
[ERROR] NETWORK-CISCO-IOS-C2960X-INTERFACE-STATUS-01 /home/fap/git/fap-vars/inspection_cases_bundle/api_data/os/network/cisco_ios/c2960x/cisco_2_2_if_status_chk.md: RuntimeError: POST /data/inspection/items HTTP 404: 
[LOOKUP] NETWORK-CISCO-IOS-C2960X-SYSLOG-01 /home/fap/git/fap-vars/inspection_cases_bundle/api_data/os/network/cisco_ios/c2960x/cisco_3_1_sys_log_chk.md
[POST] NETWORK-CISCO-IOS-C2960X-SYSLOG-01 /home/fap/git/fap-vars/inspection_cases_bundle/api_data/os/network/cisco_ios/c2960x/cisco_3_1_sys_log_chk.md execute=True
[ERROR] NETWORK-CISCO-IOS-C2960X-SYSLOG-01 /home/fap/git/fap-vars/inspection_cases_bundle/api_data/os/network/cisco_ios/c2960x/cisco_3_1_sys_log_chk.md: RuntimeError: POST /data/inspection/items HTTP 404: 
[LOOKUP] NETWORK-JUNIPER-JUNOS-EX4300-1-1-CPU /home/fap/git/fap-vars/inspection_cases_bundle/api_data/os/network/juniper_junos/ex4300/1_1_cpu.md
[POST] NETWORK-JUNIPER-JUNOS-EX4300-1-1-CPU /home/fap/git/fap-vars/inspection_cases_bundle/api_data/os/network/juniper_junos/ex4300/1_1_cpu.md execute=True
[ERROR] NETWORK-JUNIPER-JUNOS-EX4300-1-1-CPU /home/fap/git/fap-vars/inspection_cases_bundle/api_data/os/network/juniper_junos/ex4300/1_1_cpu.md: RuntimeError: POST /data/inspection/items HTTP 404: 
[LOOKUP] NETWORK-JUNIPER-JUNOS-EX4300-1-2-MEMORY /home/fap/git/fap-vars/inspection_cases_bundle/api_data/os/network/juniper_junos/ex4300/1_2_memory.md
[POST] NETWORK-JUNIPER-JUNOS-EX4300-1-2-MEMORY /home/fap/git/fap-vars/inspection_cases_bundle/api_data/os/network/juniper_junos/ex4300/1_2_memory.md execute=True
[ERROR] NETWORK-JUNIPER-JUNOS-EX4300-1-2-MEMORY /home/fap/git/fap-vars/inspection_cases_bundle/api_data/os/network/juniper_junos/ex4300/1_2_memory.md: RuntimeError: POST /data/inspection/items HTTP 404: 
[LOOKUP] NETWORK-JUNIPER-JUNOS-EX4300-1-3-INTERFACE /home/fap/git/fap-vars/inspection_cases_bundle/api_data/os/network/juniper_junos/ex4300/1_3_interface.md
[POST] NETWORK-JUNIPER-JUNOS-EX4300-1-3-INTERFACE /home/fap/git/fap-vars/inspection_cases_bundle/api_data/os/network/juniper_junos/ex4300/1_3_interface.md execute=True
[ERROR] NETWORK-JUNIPER-JUNOS-EX4300-1-3-INTERFACE /home/fap/git/fap-vars/inspection_cases_bundle/api_data/os/network/juniper_junos/ex4300/1_3_interface.md: RuntimeError: POST /data/inspection/items HTTP 404: 
[LOOKUP] NETWORK-JUNIPER-JUNOS-EX4300-2-1-INTER-MODULE /home/fap/git/fap-vars/inspection_cases_bundle/api_data/os/network/juniper_junos/ex4300/2_1_inter_module.md
[POST] NETWORK-JUNIPER-JUNOS-EX4300-2-1-INTER-MODULE /home/fap/git/fap-vars/inspection_cases_bundle/api_data/os/network/juniper_junos/ex4300/2_1_inter_module.md execute=True
[ERROR] NETWORK-JUNIPER-JUNOS-EX4300-2-1-INTER-MODULE /home/fap/git/fap-vars/inspection_cases_bundle/api_data/os/network/juniper_junos/ex4300/2_1_inter_module.md: RuntimeError: POST /data/inspection/items HTTP 404: 
[LOOKUP] NETWORK-JUNIPER-JUNOS-EX4300-2-2-VLAN /home/fap/git/fap-vars/inspection_cases_bundle/api_data/os/network/juniper_junos/ex4300/2_2_vlan.md
[POST] NETWORK-JUNIPER-JUNOS-EX4300-2-2-VLAN /home/fap/git/fap-vars/inspection_cases_bundle/api_data/os/network/juniper_junos/ex4300/2_2_vlan.md execute=True
[ERROR] NETWORK-JUNIPER-JUNOS-EX4300-2-2-VLAN /home/fap/git/fap-vars/inspection_cases_bundle/api_data/os/network/juniper_junos/ex4300/2_2_vlan.md: RuntimeError: POST /data/inspection/items HTTP 404: 
[LOOKUP] NETWORK-JUNIPER-JUNOS-EX4300-3-1-LB /home/fap/git/fap-vars/inspection_cases_bundle/api_data/os/network/juniper_junos/ex4300/3_1_lb.md
[POST] NETWORK-JUNIPER-JUNOS-EX4300-3-1-LB /home/fap/git/fap-vars/inspection_cases_bundle/api_data/os/network/juniper_junos/ex4300/3_1_lb.md execute=True
[ERROR] NETWORK-JUNIPER-JUNOS-EX4300-3-1-LB /home/fap/git/fap-vars/inspection_cases_bundle/api_data/os/network/juniper_junos/ex4300/3_1_lb.md: RuntimeError: POST /data/inspection/items HTTP 404: 
[LOOKUP] NETWORK-JUNIPER-JUNOS-EX4300-3-2-MAC /home/fap/git/fap-vars/inspection_cases_bundle/api_data/os/network/juniper_junos/ex4300/3_2_mac.md
[POST] NETWORK-JUNIPER-JUNOS-EX4300-3-2-MAC /home/fap/git/fap-vars/inspection_cases_bundle/api_data/os/network/juniper_junos/ex4300/3_2_mac.md execute=True
[ERROR] NETWORK-JUNIPER-JUNOS-EX4300-3-2-MAC /home/fap/git/fap-vars/inspection_cases_bundle/api_data/os/network/juniper_junos/ex4300/3_2_mac.md: RuntimeError: POST /data/inspection/items HTTP 404: 
[LOOKUP] NETWORK-JUNIPER-JUNOS-EX4300-3-3-ROUTE /home/fap/git/fap-vars/inspection_cases_bundle/api_data/os/network/juniper_junos/ex4300/3_3_route.md
[POST] NETWORK-JUNIPER-JUNOS-EX4300-3-3-ROUTE /home/fap/git/fap-vars/inspection_cases_bundle/api_data/os/network/juniper_junos/ex4300/3_3_route.md execute=True
[ERROR] NETWORK-JUNIPER-JUNOS-EX4300-3-3-ROUTE /home/fap/git/fap-vars/inspection_cases_bundle/api_data/os/network/juniper_junos/ex4300/3_3_route.md: RuntimeError: POST /data/inspection/items HTTP 404: 
[LOOKUP] NETWORK-JUNIPER-JUNOS-EX4300-3-4-STP /home/fap/git/fap-vars/inspection_cases_bundle/api_data/os/network/juniper_junos/ex4300/3_4_stp.md
[POST] NETWORK-JUNIPER-JUNOS-EX4300-3-4-STP /home/fap/git/fap-vars/inspection_cases_bundle/api_data/os/network/juniper_junos/ex4300/3_4_stp.md execute=True
[ERROR] NETWORK-JUNIPER-JUNOS-EX4300-3-4-STP /home/fap/git/fap-vars/inspection_cases_bundle/api_data/os/network/juniper_junos/ex4300/3_4_stp.md: RuntimeError: POST /data/inspection/items HTTP 404: 
[LOOKUP] NETWORK-JUNIPER-JUNOS-EX4300-3-5-VRRP /home/fap/git/fap-vars/inspection_cases_bundle/api_data/os/network/juniper_junos/ex4300/3_5_vrrp.md
[POST] NETWORK-JUNIPER-JUNOS-EX4300-3-5-VRRP /home/fap/git/fap-vars/inspection_cases_bundle/api_data/os/network/juniper_junos/ex4300/3_5_vrrp.md execute=True
[ERROR] NETWORK-JUNIPER-JUNOS-EX4300-3-5-VRRP /home/fap/git/fap-vars/inspection_cases_bundle/api_data/os/network/juniper_junos/ex4300/3_5_vrrp.md: RuntimeError: POST /data/inspection/items HTTP 404: 
[LOOKUP] NETWORK-JUNIPER-JUNOS-EX4300-3-6-PING /home/fap/git/fap-vars/inspection_cases_bundle/api_data/os/network/juniper_junos/ex4300/3_6_ping.md
[POST] NETWORK-JUNIPER-JUNOS-EX4300-3-6-PING /home/fap/git/fap-vars/inspection_cases_bundle/api_data/os/network/juniper_junos/ex4300/3_6_ping.md execute=True
[ERROR] NETWORK-JUNIPER-JUNOS-EX4300-3-6-PING /home/fap/git/fap-vars/inspection_cases_bundle/api_data/os/network/juniper_junos/ex4300/3_6_ping.md: RuntimeError: POST /data/inspection/items HTTP 404: 
[LOOKUP] NETWORK-JUNIPER-JUNOS-EX4300-4-1-SYSLOG /home/fap/git/fap-vars/inspection_cases_bundle/api_data/os/network/juniper_junos/ex4300/4_1_syslog.md
[POST] NETWORK-JUNIPER-JUNOS-EX4300-4-1-SYSLOG /home/fap/git/fap-vars/inspection_cases_bundle/api_data/os/network/juniper_junos/ex4300/4_1_syslog.md execute=True
[ERROR] NETWORK-JUNIPER-JUNOS-EX4300-4-1-SYSLOG /home/fap/git/fap-vars/inspection_cases_bundle/api_data/os/network/juniper_junos/ex4300/4_1_syslog.md: RuntimeError: POST /data/inspection/items HTTP 404: 
[LOOKUP] NETWORK-JUNIPER-JUNOS-EX4300-5-1-ETC /home/fap/git/fap-vars/inspection_cases_bundle/api_data/os/network/juniper_junos/ex4300/5_1_etc.md
[POST] NETWORK-JUNIPER-JUNOS-EX4300-5-1-ETC /home/fap/git/fap-vars/inspection_cases_bundle/api_data/os/network/juniper_junos/ex4300/5_1_etc.md execute=True
[ERROR] NETWORK-JUNIPER-JUNOS-EX4300-5-1-ETC /home/fap/git/fap-vars/inspection_cases_bundle/api_data/os/network/juniper_junos/ex4300/5_1_etc.md: RuntimeError: POST /data/inspection/items HTTP 404: 
[LOOKUP] NETWORK-NXOS-MDS-C9148S-CPU-01 /home/fap/git/fap-vars/inspection_cases_bundle/api_data/os/network/nx_os/mds_c9148s/1_1_cpu.md
[POST] NETWORK-NXOS-MDS-C9148S-CPU-01 /home/fap/git/fap-vars/inspection_cases_bundle/api_data/os/network/nx_os/mds_c9148s/1_1_cpu.md execute=True
[ERROR] NETWORK-NXOS-MDS-C9148S-CPU-01 /home/fap/git/fap-vars/inspection_cases_bundle/api_data/os/network/nx_os/mds_c9148s/1_1_cpu.md: RuntimeError: POST /data/inspection/items HTTP 404: 
[LOOKUP] NETWORK-NXOS-MDS-C9148S-MEMORY-01 /home/fap/git/fap-vars/inspection_cases_bundle/api_data/os/network/nx_os/mds_c9148s/1_2_memory.md
[POST] NETWORK-NXOS-MDS-C9148S-MEMORY-01 /home/fap/git/fap-vars/inspection_cases_bundle/api_data/os/network/nx_os/mds_c9148s/1_2_memory.md execute=True
[ERROR] NETWORK-NXOS-MDS-C9148S-MEMORY-01 /home/fap/git/fap-vars/inspection_cases_bundle/api_data/os/network/nx_os/mds_c9148s/1_2_memory.md: RuntimeError: POST /data/inspection/items HTTP 404: 
[LOOKUP] NETWORK-NXOS-MDS-C9148S-INTERFACE-USAGE-01 /home/fap/git/fap-vars/inspection_cases_bundle/api_data/os/network/nx_os/mds_c9148s/1_3_interface.md
[POST] NETWORK-NXOS-MDS-C9148S-INTERFACE-USAGE-01 /home/fap/git/fap-vars/inspection_cases_bundle/api_data/os/network/nx_os/mds_c9148s/1_3_interface.md execute=True
[ERROR] NETWORK-NXOS-MDS-C9148S-INTERFACE-USAGE-01 /home/fap/git/fap-vars/inspection_cases_bundle/api_data/os/network/nx_os/mds_c9148s/1_3_interface.md: RuntimeError: POST /data/inspection/items HTTP 404: 
[LOOKUP] NETWORK-NXOS-MDS-C9148S-INTERFACE-STATUS-01 /home/fap/git/fap-vars/inspection_cases_bundle/api_data/os/network/nx_os/mds_c9148s/2_1_inter_module.md
[POST] NETWORK-NXOS-MDS-C9148S-INTERFACE-STATUS-01 /home/fap/git/fap-vars/inspection_cases_bundle/api_data/os/network/nx_os/mds_c9148s/2_1_inter_module.md execute=True
[ERROR] NETWORK-NXOS-MDS-C9148S-INTERFACE-STATUS-01 /home/fap/git/fap-vars/inspection_cases_bundle/api_data/os/network/nx_os/mds_c9148s/2_1_inter_module.md: RuntimeError: POST /data/inspection/items HTTP 404: 
[LOOKUP] NETWORK-NXOS-MDS-C9148S-VSAN-STATUS-01 /home/fap/git/fap-vars/inspection_cases_bundle/api_data/os/network/nx_os/mds_c9148s/2_2_vlan.md
[POST] NETWORK-NXOS-MDS-C9148S-VSAN-STATUS-01 /home/fap/git/fap-vars/inspection_cases_bundle/api_data/os/network/nx_os/mds_c9148s/2_2_vlan.md execute=True
[ERROR] NETWORK-NXOS-MDS-C9148S-VSAN-STATUS-01 /home/fap/git/fap-vars/inspection_cases_bundle/api_data/os/network/nx_os/mds_c9148s/2_2_vlan.md: RuntimeError: POST /data/inspection/items HTTP 404: 
[LOOKUP] NETWORK-NXOS-MDS-C9148S-LB-01 /home/fap/git/fap-vars/inspection_cases_bundle/api_data/os/network/nx_os/mds_c9148s/3_1_lb.md
[POST] NETWORK-NXOS-MDS-C9148S-LB-01 /home/fap/git/fap-vars/inspection_cases_bundle/api_data/os/network/nx_os/mds_c9148s/3_1_lb.md execute=True
[ERROR] NETWORK-NXOS-MDS-C9148S-LB-01 /home/fap/git/fap-vars/inspection_cases_bundle/api_data/os/network/nx_os/mds_c9148s/3_1_lb.md: RuntimeError: POST /data/inspection/items HTTP 404: 
[LOOKUP] NETWORK-NXOS-MDS-C9148S-ARP-01 /home/fap/git/fap-vars/inspection_cases_bundle/api_data/os/network/nx_os/mds_c9148s/3_2_mac.md
[POST] NETWORK-NXOS-MDS-C9148S-ARP-01 /home/fap/git/fap-vars/inspection_cases_bundle/api_data/os/network/nx_os/mds_c9148s/3_2_mac.md execute=True
[ERROR] NETWORK-NXOS-MDS-C9148S-ARP-01 /home/fap/git/fap-vars/inspection_cases_bundle/api_data/os/network/nx_os/mds_c9148s/3_2_mac.md: RuntimeError: POST /data/inspection/items HTTP 404: 
[LOOKUP] NETWORK-NXOS-MDS-C9148S-ROUTE-01 /home/fap/git/fap-vars/inspection_cases_bundle/api_data/os/network/nx_os/mds_c9148s/3_3_route.md
[POST] NETWORK-NXOS-MDS-C9148S-ROUTE-01 /home/fap/git/fap-vars/inspection_cases_bundle/api_data/os/network/nx_os/mds_c9148s/3_3_route.md execute=True
[ERROR] NETWORK-NXOS-MDS-C9148S-ROUTE-01 /home/fap/git/fap-vars/inspection_cases_bundle/api_data/os/network/nx_os/mds_c9148s/3_3_route.md: RuntimeError: POST /data/inspection/items HTTP 404: 
[LOOKUP] NETWORK-NXOS-MDS-C9148S-STP-01 /home/fap/git/fap-vars/inspection_cases_bundle/api_data/os/network/nx_os/mds_c9148s/3_4_stp.md
[POST] NETWORK-NXOS-MDS-C9148S-STP-01 /home/fap/git/fap-vars/inspection_cases_bundle/api_data/os/network/nx_os/mds_c9148s/3_4_stp.md execute=True
[ERROR] NETWORK-NXOS-MDS-C9148S-STP-01 /home/fap/git/fap-vars/inspection_cases_bundle/api_data/os/network/nx_os/mds_c9148s/3_4_stp.md: RuntimeError: POST /data/inspection/items HTTP 404: 
[LOOKUP] NETWORK-NXOS-MDS-C9148S-VRRP-01 /home/fap/git/fap-vars/inspection_cases_bundle/api_data/os/network/nx_os/mds_c9148s/3_5_vrrp.md
[POST] NETWORK-NXOS-MDS-C9148S-VRRP-01 /home/fap/git/fap-vars/inspection_cases_bundle/api_data/os/network/nx_os/mds_c9148s/3_5_vrrp.md execute=True
[ERROR] NETWORK-NXOS-MDS-C9148S-VRRP-01 /home/fap/git/fap-vars/inspection_cases_bundle/api_data/os/network/nx_os/mds_c9148s/3_5_vrrp.md: RuntimeError: POST /data/inspection/items HTTP 404: 
[LOOKUP] NETWORK-NXOS-MDS-C9148S-PING-01 /home/fap/git/fap-vars/inspection_cases_bundle/api_data/os/network/nx_os/mds_c9148s/3_6_ping.md
[POST] NETWORK-NXOS-MDS-C9148S-PING-01 /home/fap/git/fap-vars/inspection_cases_bundle/api_data/os/network/nx_os/mds_c9148s/3_6_ping.md execute=True
[ERROR] NETWORK-NXOS-MDS-C9148S-PING-01 /home/fap/git/fap-vars/inspection_cases_bundle/api_data/os/network/nx_os/mds_c9148s/3_6_ping.md: RuntimeError: POST /data/inspection/items HTTP 404: 
[LOOKUP] NETWORK-NXOS-MDS-C9148S-SYSLOG-01 /home/fap/git/fap-vars/inspection_cases_bundle/api_data/os/network/nx_os/mds_c9148s/4_1_syslog.md
[POST] NETWORK-NXOS-MDS-C9148S-SYSLOG-01 /home/fap/git/fap-vars/inspection_cases_bundle/api_data/os/network/nx_os/mds_c9148s/4_1_syslog.md execute=True
[ERROR] NETWORK-NXOS-MDS-C9148S-SYSLOG-01 /home/fap/git/fap-vars/inspection_cases_bundle/api_data/os/network/nx_os/mds_c9148s/4_1_syslog.md: RuntimeError: POST /data/inspection/items HTTP 404: 
[LOOKUP] NETWORK-NXOS-MDS-C9148S-ENVIRONMENT-01 /home/fap/git/fap-vars/inspection_cases_bundle/api_data/os/network/nx_os/mds_c9148s/5_1_etc.md
[POST] NETWORK-NXOS-MDS-C9148S-ENVIRONMENT-01 /home/fap/git/fap-vars/inspection_cases_bundle/api_data/os/network/nx_os/mds_c9148s/5_1_etc.md execute=True
[ERROR] NETWORK-NXOS-MDS-C9148S-ENVIRONMENT-01 /home/fap/git/fap-vars/inspection_cases_bundle/api_data/os/network/nx_os/mds_c9148s/5_1_etc.md: RuntimeError: POST /data/inspection/items HTTP 404: 
[LOOKUP] NETWORK-PIOLINK-PAS-K3200X-CPU-USAGE-01 /home/fap/git/fap-vars/inspection_cases_bundle/api_data/os/network/piolink_pas/pas_k3200x/pio_1_1_cpu_usage_chk.md
[POST] NETWORK-PIOLINK-PAS-K3200X-CPU-USAGE-01 /home/fap/git/fap-vars/inspection_cases_bundle/api_data/os/network/piolink_pas/pas_k3200x/pio_1_1_cpu_usage_chk.md execute=True
[ERROR] NETWORK-PIOLINK-PAS-K3200X-CPU-USAGE-01 /home/fap/git/fap-vars/inspection_cases_bundle/api_data/os/network/piolink_pas/pas_k3200x/pio_1_1_cpu_usage_chk.md: RuntimeError: POST /data/inspection/items HTTP 404: 
[LOOKUP] NETWORK-PIOLINK-PAS-K3200X-MEMORY-USAGE-01 /home/fap/git/fap-vars/inspection_cases_bundle/api_data/os/network/piolink_pas/pas_k3200x/pio_1_2_mem_usage_chk.md
[POST] NETWORK-PIOLINK-PAS-K3200X-MEMORY-USAGE-01 /home/fap/git/fap-vars/inspection_cases_bundle/api_data/os/network/piolink_pas/pas_k3200x/pio_1_2_mem_usage_chk.md execute=True
[ERROR] NETWORK-PIOLINK-PAS-K3200X-MEMORY-USAGE-01 /home/fap/git/fap-vars/inspection_cases_bundle/api_data/os/network/piolink_pas/pas_k3200x/pio_1_2_mem_usage_chk.md: RuntimeError: POST /data/inspection/items HTTP 404: 
[LOOKUP] NETWORK-PIOLINK-PAS-K3200X-INTERFACE-USAGE-01 /home/fap/git/fap-vars/inspection_cases_bundle/api_data/os/network/piolink_pas/pas_k3200x/pio_1_3_interface_chk.md
[POST] NETWORK-PIOLINK-PAS-K3200X-INTERFACE-USAGE-01 /home/fap/git/fap-vars/inspection_cases_bundle/api_data/os/network/piolink_pas/pas_k3200x/pio_1_3_interface_chk.md execute=True
[ERROR] NETWORK-PIOLINK-PAS-K3200X-INTERFACE-USAGE-01 /home/fap/git/fap-vars/inspection_cases_bundle/api_data/os/network/piolink_pas/pas_k3200x/pio_1_3_interface_chk.md: RuntimeError: POST /data/inspection/items HTTP 404: 
[LOOKUP] NETWORK-PIOLINK-PAS-K3200X-HW-INTERFACE-01 /home/fap/git/fap-vars/inspection_cases_bundle/api_data/os/network/piolink_pas/pas_k3200x/pio_2_1_hw_interface_chk.md
[POST] NETWORK-PIOLINK-PAS-K3200X-HW-INTERFACE-01 /home/fap/git/fap-vars/inspection_cases_bundle/api_data/os/network/piolink_pas/pas_k3200x/pio_2_1_hw_interface_chk.md execute=True
[ERROR] NETWORK-PIOLINK-PAS-K3200X-HW-INTERFACE-01 /home/fap/git/fap-vars/inspection_cases_bundle/api_data/os/network/piolink_pas/pas_k3200x/pio_2_1_hw_interface_chk.md: RuntimeError: POST /data/inspection/items HTTP 404: 
[LOOKUP] NETWORK-PIOLINK-PAS-K3200X-HW-VLAN-01 /home/fap/git/fap-vars/inspection_cases_bundle/api_data/os/network/piolink_pas/pas_k3200x/pio_2_2_hw_vlan_chk.md
[POST] NETWORK-PIOLINK-PAS-K3200X-HW-VLAN-01 /home/fap/git/fap-vars/inspection_cases_bundle/api_data/os/network/piolink_pas/pas_k3200x/pio_2_2_hw_vlan_chk.md execute=True
[ERROR] NETWORK-PIOLINK-PAS-K3200X-HW-VLAN-01 /home/fap/git/fap-vars/inspection_cases_bundle/api_data/os/network/piolink_pas/pas_k3200x/pio_2_2_hw_vlan_chk.md: RuntimeError: POST /data/inspection/items HTTP 404: 
[LOOKUP] NETWORK-PIOLINK-PAS-K3200X-SERVICE-LB-01 /home/fap/git/fap-vars/inspection_cases_bundle/api_data/os/network/piolink_pas/pas_k3200x/pio_3_1_svc_lb_chk.md
[POST] NETWORK-PIOLINK-PAS-K3200X-SERVICE-LB-01 /home/fap/git/fap-vars/inspection_cases_bundle/api_data/os/network/piolink_pas/pas_k3200x/pio_3_1_svc_lb_chk.md execute=True
[ERROR] NETWORK-PIOLINK-PAS-K3200X-SERVICE-LB-01 /home/fap/git/fap-vars/inspection_cases_bundle/api_data/os/network/piolink_pas/pas_k3200x/pio_3_1_svc_lb_chk.md: RuntimeError: POST /data/inspection/items HTTP 404: 
[LOOKUP] NETWORK-PIOLINK-PAS-K3200X-SERVICE-MAC-ARP-01 /home/fap/git/fap-vars/inspection_cases_bundle/api_data/os/network/piolink_pas/pas_k3200x/pio_3_2_svc_mac_chk.md
[POST] NETWORK-PIOLINK-PAS-K3200X-SERVICE-MAC-ARP-01 /home/fap/git/fap-vars/inspection_cases_bundle/api_data/os/network/piolink_pas/pas_k3200x/pio_3_2_svc_mac_chk.md execute=True
[ERROR] NETWORK-PIOLINK-PAS-K3200X-SERVICE-MAC-ARP-01 /home/fap/git/fap-vars/inspection_cases_bundle/api_data/os/network/piolink_pas/pas_k3200x/pio_3_2_svc_mac_chk.md: RuntimeError: POST /data/inspection/items HTTP 404: 
[LOOKUP] NETWORK-PIOLINK-PAS-K3200X-SERVICE-ROUTE-01 /home/fap/git/fap-vars/inspection_cases_bundle/api_data/os/network/piolink_pas/pas_k3200x/pio_3_3_svc_route_chk.md
[POST] NETWORK-PIOLINK-PAS-K3200X-SERVICE-ROUTE-01 /home/fap/git/fap-vars/inspection_cases_bundle/api_data/os/network/piolink_pas/pas_k3200x/pio_3_3_svc_route_chk.md execute=True
[ERROR] NETWORK-PIOLINK-PAS-K3200X-SERVICE-ROUTE-01 /home/fap/git/fap-vars/inspection_cases_bundle/api_data/os/network/piolink_pas/pas_k3200x/pio_3_3_svc_route_chk.md: RuntimeError: POST /data/inspection/items HTTP 404: 
[LOOKUP] NETWORK-PIOLINK-PAS-K3200X-SERVICE-STP-01 /home/fap/git/fap-vars/inspection_cases_bundle/api_data/os/network/piolink_pas/pas_k3200x/pio_3_4_svc_stp_chk.md
[POST] NETWORK-PIOLINK-PAS-K3200X-SERVICE-STP-01 /home/fap/git/fap-vars/inspection_cases_bundle/api_data/os/network/piolink_pas/pas_k3200x/pio_3_4_svc_stp_chk.md execute=True
[ERROR] NETWORK-PIOLINK-PAS-K3200X-SERVICE-STP-01 /home/fap/git/fap-vars/inspection_cases_bundle/api_data/os/network/piolink_pas/pas_k3200x/pio_3_4_svc_stp_chk.md: RuntimeError: POST /data/inspection/items HTTP 404: 
[LOOKUP] NETWORK-PIOLINK-PAS-K3200X-SERVICE-FAILOVER-01 /home/fap/git/fap-vars/inspection_cases_bundle/api_data/os/network/piolink_pas/pas_k3200x/pio_3_5_svc_failover_chk.md
[POST] NETWORK-PIOLINK-PAS-K3200X-SERVICE-FAILOVER-01 /home/fap/git/fap-vars/inspection_cases_bundle/api_data/os/network/piolink_pas/pas_k3200x/pio_3_5_svc_failover_chk.md execute=True
[ERROR] NETWORK-PIOLINK-PAS-K3200X-SERVICE-FAILOVER-01 /home/fap/git/fap-vars/inspection_cases_bundle/api_data/os/network/piolink_pas/pas_k3200x/pio_3_5_svc_failover_chk.md: RuntimeError: POST /data/inspection/items HTTP 404: 
[LOOKUP] NETWORK-PIOLINK-PAS-K3200X-SERVICE-PING-01 /home/fap/git/fap-vars/inspection_cases_bundle/api_data/os/network/piolink_pas/pas_k3200x/pio_3_6_svc_ping_chk.md
[POST] NETWORK-PIOLINK-PAS-K3200X-SERVICE-PING-01 /home/fap/git/fap-vars/inspection_cases_bundle/api_data/os/network/piolink_pas/pas_k3200x/pio_3_6_svc_ping_chk.md execute=True
[ERROR] NETWORK-PIOLINK-PAS-K3200X-SERVICE-PING-01 /home/fap/git/fap-vars/inspection_cases_bundle/api_data/os/network/piolink_pas/pas_k3200x/pio_3_6_svc_ping_chk.md: RuntimeError: POST /data/inspection/items HTTP 404: 
[LOOKUP] NETWORK-PIOLINK-PAS-K3200X-LOG-SYSTEM-01 /home/fap/git/fap-vars/inspection_cases_bundle/api_data/os/network/piolink_pas/pas_k3200x/pio_4_1_log_chk.md
[POST] NETWORK-PIOLINK-PAS-K3200X-LOG-SYSTEM-01 /home/fap/git/fap-vars/inspection_cases_bundle/api_data/os/network/piolink_pas/pas_k3200x/pio_4_1_log_chk.md execute=True
[ERROR] NETWORK-PIOLINK-PAS-K3200X-LOG-SYSTEM-01 /home/fap/git/fap-vars/inspection_cases_bundle/api_data/os/network/piolink_pas/pas_k3200x/pio_4_1_log_chk.md: RuntimeError: POST /data/inspection/items HTTP 404: 
[LOOKUP] NETWORK-PIOLINK-PAS-K3200X-ENVIRONMENT-01 /home/fap/git/fap-vars/inspection_cases_bundle/api_data/os/network/piolink_pas/pas_k3200x/pio_5_1_env_chk.md
[POST] NETWORK-PIOLINK-PAS-K3200X-ENVIRONMENT-01 /home/fap/git/fap-vars/inspection_cases_bundle/api_data/os/network/piolink_pas/pas_k3200x/pio_5_1_env_chk.md execute=True
[ERROR] NETWORK-PIOLINK-PAS-K3200X-ENVIRONMENT-01 /home/fap/git/fap-vars/inspection_cases_bundle/api_data/os/network/piolink_pas/pas_k3200x/pio_5_1_env_chk.md: RuntimeError: POST /data/inspection/items HTTP 404: 
[LOOKUP] U-REPLAY-CLUSTER-DAEMON-01 /home/fap/git/fap-vars/inspection_cases_bundle/api_data/os/server/linux/rocky/rocky_cluster_daemon_crm_mon_check.md
[POST] U-REPLAY-CLUSTER-DAEMON-01 /home/fap/git/fap-vars/inspection_cases_bundle/api_data/os/server/linux/rocky/rocky_cluster_daemon_crm_mon_check.md execute=True
[ERROR] U-REPLAY-CLUSTER-DAEMON-01 /home/fap/git/fap-vars/inspection_cases_bundle/api_data/os/server/linux/rocky/rocky_cluster_daemon_crm_mon_check.md: RuntimeError: POST /data/inspection/items HTTP 404: 
[LOOKUP] U-REPLAY-CLUSTER-SHARED-VOLUME-01 /home/fap/git/fap-vars/inspection_cases_bundle/api_data/os/server/linux/rocky/rocky_cluster_shared_volume_mount_check.md
[POST] U-REPLAY-CLUSTER-SHARED-VOLUME-01 /home/fap/git/fap-vars/inspection_cases_bundle/api_data/os/server/linux/rocky/rocky_cluster_shared_volume_mount_check.md execute=True
[ERROR] U-REPLAY-CLUSTER-SHARED-VOLUME-01 /home/fap/git/fap-vars/inspection_cases_bundle/api_data/os/server/linux/rocky/rocky_cluster_shared_volume_mount_check.md: RuntimeError: POST /data/inspection/items HTTP 404: 
[SKIP] U-REPLAY-CPU-CORE-01 /home/fap/git/fap-vars/inspection_cases_bundle/api_data/os/server/linux/rocky/rocky_cpu_core_check.md 이미 등록됨 id=128 item_id=128 mapping_id=128
[SKIP] U-REPLAY-CPU-01 /home/fap/git/fap-vars/inspection_cases_bundle/api_data/os/server/linux/rocky/rocky_cpu_usage_procstat_check.md 이미 등록됨 id=129 item_id=129 mapping_id=129
[SKIP] U-REPLAY-INODE-01 /home/fap/git/fap-vars/inspection_cases_bundle/api_data/os/server/linux/rocky/rocky_disk_filesystem_inode_df_check.md 이미 등록됨 id=130 item_id=130 mapping_id=130
[SKIP] U-REPLAY-DF-EX-01 /home/fap/git/fap-vars/inspection_cases_bundle/api_data/os/server/linux/rocky/rocky_disk_filesystem_usage_df_check.md 이미 등록됨 id=131 item_id=131 mapping_id=131
[SKIP] U-REPLAY-DISK-IO-01 /home/fap/git/fap-vars/inspection_cases_bundle/api_data/os/server/linux/rocky/rocky_disk_io_diskstats_check.md 이미 등록됨 id=127 item_id=127 mapping_id=127
[SKIP] U-REPLAY-MDADM-01 /home/fap/git/fap-vars/inspection_cases_bundle/api_data/os/server/linux/rocky/rocky_disk_raid_mdadm_check.md 이미 등록됨 id=132 item_id=132 mapping_id=132
[LOOKUP] U-REPLAY-LSBLK-01 /home/fap/git/fap-vars/inspection_cases_bundle/api_data/os/server/linux/rocky/rocky_disk_recognition_lsblk_check.md
[POST] U-REPLAY-LSBLK-01 /home/fap/git/fap-vars/inspection_cases_bundle/api_data/os/server/linux/rocky/rocky_disk_recognition_lsblk_check.md execute=True
[ERROR] U-REPLAY-LSBLK-01 /home/fap/git/fap-vars/inspection_cases_bundle/api_data/os/server/linux/rocky/rocky_disk_recognition_lsblk_check.md: RuntimeError: POST /data/inspection/items HTTP 404: 
[SKIP] U-REPLAY-SWAP-01 /home/fap/git/fap-vars/inspection_cases_bundle/api_data/os/server/linux/rocky/rocky_disk_swap_swapon_check.md 이미 등록됨 id=134 item_id=134 mapping_id=134
[SKIP] U-REPLAY-SYSCTL-01 /home/fap/git/fap-vars/inspection_cases_bundle/api_data/os/server/linux/rocky/rocky_kernel_parameter_sysctl_check.md 이미 등록됨 id=135 item_id=135 mapping_id=135
[LOOKUP] U-REPLAY-DMESG-CLUSTER-01 /home/fap/git/fap-vars/inspection_cases_bundle/api_data/os/server/linux/rocky/rocky_log_cluster_dmesg_check.md
[POST] U-REPLAY-DMESG-CLUSTER-01 /home/fap/git/fap-vars/inspection_cases_bundle/api_data/os/server/linux/rocky/rocky_log_cluster_dmesg_check.md execute=True
[ERROR] U-REPLAY-DMESG-CLUSTER-01 /home/fap/git/fap-vars/inspection_cases_bundle/api_data/os/server/linux/rocky/rocky_log_cluster_dmesg_check.md: RuntimeError: POST /data/inspection/items HTTP 404: 
[LOOKUP] U-REPLAY-DMESG-CPU-01 /home/fap/git/fap-vars/inspection_cases_bundle/api_data/os/server/linux/rocky/rocky_log_cpu_dmesg_check.md
[POST] U-REPLAY-DMESG-CPU-01 /home/fap/git/fap-vars/inspection_cases_bundle/api_data/os/server/linux/rocky/rocky_log_cpu_dmesg_check.md execute=True
[ERROR] U-REPLAY-DMESG-CPU-01 /home/fap/git/fap-vars/inspection_cases_bundle/api_data/os/server/linux/rocky/rocky_log_cpu_dmesg_check.md: RuntimeError: POST /data/inspection/items HTTP 404: 
[LOOKUP] U-REPLAY-DMESG-FAN-01 /home/fap/git/fap-vars/inspection_cases_bundle/api_data/os/server/linux/rocky/rocky_log_fan_dmesg_check.md
[POST] U-REPLAY-DMESG-FAN-01 /home/fap/git/fap-vars/inspection_cases_bundle/api_data/os/server/linux/rocky/rocky_log_fan_dmesg_check.md execute=True
[ERROR] U-REPLAY-DMESG-FAN-01 /home/fap/git/fap-vars/inspection_cases_bundle/api_data/os/server/linux/rocky/rocky_log_fan_dmesg_check.md: RuntimeError: POST /data/inspection/items HTTP 404: 
[SKIP] U-REPLAY-DMESG-IO-01 /home/fap/git/fap-vars/inspection_cases_bundle/api_data/os/server/linux/rocky/rocky_log_hba_dmesg_check.md 이미 등록됨 id=136 item_id=136 mapping_id=136
[SKIP] U-REPLAY-DMESG-IO-02 /home/fap/git/fap-vars/inspection_cases_bundle/api_data/os/server/linux/rocky/rocky_log_io_dmesg_check.md 이미 등록됨 id=137 item_id=137 mapping_id=137
[LOOKUP] U-REPLAY-DMESG-PANIC-01 /home/fap/git/fap-vars/inspection_cases_bundle/api_data/os/server/linux/rocky/rocky_log_kernel_dmesg_check.md
[POST] U-REPLAY-DMESG-PANIC-01 /home/fap/git/fap-vars/inspection_cases_bundle/api_data/os/server/linux/rocky/rocky_log_kernel_dmesg_check.md execute=True
[ERROR] U-REPLAY-DMESG-PANIC-01 /home/fap/git/fap-vars/inspection_cases_bundle/api_data/os/server/linux/rocky/rocky_log_kernel_dmesg_check.md: RuntimeError: POST /data/inspection/items HTTP 404: 
[LOOKUP] U-REPLAY-DMESG-MEMORY-01 /home/fap/git/fap-vars/inspection_cases_bundle/api_data/os/server/linux/rocky/rocky_log_memory_dmesg_check.md
[POST] U-REPLAY-DMESG-MEMORY-01 /home/fap/git/fap-vars/inspection_cases_bundle/api_data/os/server/linux/rocky/rocky_log_memory_dmesg_check.md execute=True
[ERROR] U-REPLAY-DMESG-MEMORY-01 /home/fap/git/fap-vars/inspection_cases_bundle/api_data/os/server/linux/rocky/rocky_log_memory_dmesg_check.md: RuntimeError: POST /data/inspection/items HTTP 404: 
[LOOKUP] U-REPLAY-DMESG-NIC-01 /home/fap/git/fap-vars/inspection_cases_bundle/api_data/os/server/linux/rocky/rocky_log_nic_dmesg_check.md
[POST] U-REPLAY-DMESG-NIC-01 /home/fap/git/fap-vars/inspection_cases_bundle/api_data/os/server/linux/rocky/rocky_log_nic_dmesg_check.md execute=True
[ERROR] U-REPLAY-DMESG-NIC-01 /home/fap/git/fap-vars/inspection_cases_bundle/api_data/os/server/linux/rocky/rocky_log_nic_dmesg_check.md: RuntimeError: POST /data/inspection/items HTTP 404: 
[LOOKUP] U-REPLAY-DMESG-POWER-01 /home/fap/git/fap-vars/inspection_cases_bundle/api_data/os/server/linux/rocky/rocky_log_power_dmesg_check.md
[POST] U-REPLAY-DMESG-POWER-01 /home/fap/git/fap-vars/inspection_cases_bundle/api_data/os/server/linux/rocky/rocky_log_power_dmesg_check.md execute=True
[ERROR] U-REPLAY-DMESG-POWER-01 /home/fap/git/fap-vars/inspection_cases_bundle/api_data/os/server/linux/rocky/rocky_log_power_dmesg_check.md: RuntimeError: POST /data/inspection/items HTTP 404: 
[SKIP] U-REPLAY-DMESG-01 /home/fap/git/fap-vars/inspection_cases_bundle/api_data/os/server/linux/rocky/rocky_log_system_dmesg_check.md 이미 등록됨 id=138 item_id=138 mapping_id=138
[SKIP] U-REPLAY-MEM-01 /home/fap/git/fap-vars/inspection_cases_bundle/api_data/os/server/linux/rocky/rocky_memory_recognition_dmidecode_check.md 이미 등록됨 id=139 item_id=139 mapping_id=139
[SKIP] U-REPLAY-SWAP-01 /home/fap/git/fap-vars/inspection_cases_bundle/api_data/os/server/linux/rocky/rocky_memory_swap_swapon_check.md 이미 등록됨 id=134 item_id=134 mapping_id=134
[SKIP] U-REPLAY-FREE-01 /home/fap/git/fap-vars/inspection_cases_bundle/api_data/os/server/linux/rocky/rocky_memory_usage_free_check.md 이미 등록됨 id=140 item_id=140 mapping_id=140
[SKIP] U-REPLAY-IP-LINK-01 /home/fap/git/fap-vars/inspection_cases_bundle/api_data/os/server/linux/rocky/rocky_network_link_status_ip_link_check.md 이미 등록됨 id=141 item_id=141 mapping_id=141
[LOOKUP] U-REPLAY-NIC-BONDING-01 /home/fap/git/fap-vars/inspection_cases_bundle/api_data/os/server/linux/rocky/rocky_network_nic_redundancy_bonding_check.md
[POST] U-REPLAY-NIC-BONDING-01 /home/fap/git/fap-vars/inspection_cases_bundle/api_data/os/server/linux/rocky/rocky_network_nic_redundancy_bonding_check.md execute=True
[ERROR] U-REPLAY-NIC-BONDING-01 /home/fap/git/fap-vars/inspection_cases_bundle/api_data/os/server/linux/rocky/rocky_network_nic_redundancy_bonding_check.md: RuntimeError: POST /data/inspection/items HTTP 404: 
[SKIP] U-REPLAY-PING-01 /home/fap/git/fap-vars/inspection_cases_bundle/api_data/os/server/linux/rocky/rocky_network_ping_loss_check.md 이미 등록됨 id=142 item_id=142 mapping_id=142
[SKIP] U-REPLAY-HBA-CONN-01 /home/fap/git/fap-vars/inspection_cases_bundle/api_data/os/server/linux/rocky/rocky_os_hba_connection_systool_check.md 이미 등록됨 id=143 item_id=143 mapping_id=143
[LOOKUP] U-REPLAY-MULTIPATH-01 /home/fap/git/fap-vars/inspection_cases_bundle/api_data/os/server/linux/rocky/rocky_os_path_redundancy_multipath_check.md
[POST] U-REPLAY-MULTIPATH-01 /home/fap/git/fap-vars/inspection_cases_bundle/api_data/os/server/linux/rocky/rocky_os_path_redundancy_multipath_check.md execute=True
[ERROR] U-REPLAY-MULTIPATH-01 /home/fap/git/fap-vars/inspection_cases_bundle/api_data/os/server/linux/rocky/rocky_os_path_redundancy_multipath_check.md: RuntimeError: POST /data/inspection/items HTTP 404: 
[SKIP] HPUX-REPLAY-02 /home/fap/git/fap-vars/inspection_cases_bundle/api_data/os/server/unix/hpux/hpux_cluster_daemon_cmviewcl_check.md 이미 등록됨 id=144 item_id=144 mapping_id=144
[SKIP] HPUX-REPLAY-03 /home/fap/git/fap-vars/inspection_cases_bundle/api_data/os/server/unix/hpux/hpux_cluster_shared_volume_mount_check.md 이미 등록됨 id=145 item_id=145 mapping_id=145
[SKIP] HPUX-REPLAY-04 /home/fap/git/fap-vars/inspection_cases_bundle/api_data/os/server/unix/hpux/hpux_cpu_core_ioscan_check.md 이미 등록됨 id=146 item_id=146 mapping_id=146
[SKIP] HPUX-REPLAY-CPU-01 /home/fap/git/fap-vars/inspection_cases_bundle/api_data/os/server/unix/hpux/hpux_cpu_usage_sar_check.md 이미 등록됨 id=147 item_id=147 mapping_id=147
[SKIP] HPUX-REPLAY-05 /home/fap/git/fap-vars/inspection_cases_bundle/api_data/os/server/unix/hpux/hpux_disk_filesystem_inode_bdf_check.md 이미 등록됨 id=148 item_id=148 mapping_id=148
[SKIP] HPUX-REPLAY-06 /home/fap/git/fap-vars/inspection_cases_bundle/api_data/os/server/unix/hpux/hpux_disk_filesystem_usage_bdf_check.md 이미 등록됨 id=149 item_id=149 mapping_id=149
[SKIP] HPUX-REPLAY-07 /home/fap/git/fap-vars/inspection_cases_bundle/api_data/os/server/unix/hpux/hpux_disk_io_sar_check.md 이미 등록됨 id=150 item_id=150 mapping_id=150
[SKIP] HPUX-REPLAY-08 /home/fap/git/fap-vars/inspection_cases_bundle/api_data/os/server/unix/hpux/hpux_disk_raid_vgdisplay_check.md 이미 등록됨 id=151 item_id=151 mapping_id=151
[SKIP] HPUX-REPLAY-09 /home/fap/git/fap-vars/inspection_cases_bundle/api_data/os/server/unix/hpux/hpux_disk_recognition_ioscan_check.md 이미 등록됨 id=152 item_id=152 mapping_id=152
[SKIP] HPUX-REPLAY-10 /home/fap/git/fap-vars/inspection_cases_bundle/api_data/os/server/unix/hpux/hpux_disk_swap_swapinfo_check.md 이미 등록됨 id=153 item_id=153 mapping_id=153
[SKIP] HPUX-REPLAY-11 /home/fap/git/fap-vars/inspection_cases_bundle/api_data/os/server/unix/hpux/hpux_kernel_parameter_kctune_check.md 이미 등록됨 id=154 item_id=154 mapping_id=154
[SKIP] HPUX-REPLAY-12 /home/fap/git/fap-vars/inspection_cases_bundle/api_data/os/server/unix/hpux/hpux_log_cluster_serviceguard_check.md 이미 등록됨 id=155 item_id=155 mapping_id=155
[SKIP] HPUX-REPLAY-13 /home/fap/git/fap-vars/inspection_cases_bundle/api_data/os/server/unix/hpux/hpux_log_cpu_dmesg_check.md 이미 등록됨 id=156 item_id=156 mapping_id=156
[SKIP] HPUX-REPLAY-14 /home/fap/git/fap-vars/inspection_cases_bundle/api_data/os/server/unix/hpux/hpux_log_fan_dmesg_check.md 이미 등록됨 id=157 item_id=157 mapping_id=157
[SKIP] HPUX-REPLAY-15 /home/fap/git/fap-vars/inspection_cases_bundle/api_data/os/server/unix/hpux/hpux_log_hba_dmesg_check.md 이미 등록됨 id=158 item_id=158 mapping_id=158
[SKIP] HPUX-REPLAY-16 /home/fap/git/fap-vars/inspection_cases_bundle/api_data/os/server/unix/hpux/hpux_log_io_dmesg_check.md 이미 등록됨 id=159 item_id=159 mapping_id=159
[SKIP] HPUX-REPLAY-17 /home/fap/git/fap-vars/inspection_cases_bundle/api_data/os/server/unix/hpux/hpux_log_kernel_dmesg_check.md 이미 등록됨 id=160 item_id=160 mapping_id=160
[SKIP] HPUX-REPLAY-18 /home/fap/git/fap-vars/inspection_cases_bundle/api_data/os/server/unix/hpux/hpux_log_memory_dmesg_check.md 이미 등록됨 id=161 item_id=161 mapping_id=161
[SKIP] HPUX-REPLAY-19 /home/fap/git/fap-vars/inspection_cases_bundle/api_data/os/server/unix/hpux/hpux_log_nic_dmesg_check.md 이미 등록됨 id=162 item_id=162 mapping_id=162
[SKIP] HPUX-REPLAY-20 /home/fap/git/fap-vars/inspection_cases_bundle/api_data/os/server/unix/hpux/hpux_log_power_dmesg_check.md 이미 등록됨 id=163 item_id=163 mapping_id=163
[SKIP] HPUX-REPLAY-21 /home/fap/git/fap-vars/inspection_cases_bundle/api_data/os/server/unix/hpux/hpux_log_system_dmesg_check.md 이미 등록됨 id=164 item_id=164 mapping_id=164
[SKIP] HPUX-REPLAY-22 /home/fap/git/fap-vars/inspection_cases_bundle/api_data/os/server/unix/hpux/hpux_memory_recognition_machinfo_check.md 이미 등록됨 id=165 item_id=165 mapping_id=165
[SKIP] HPUX-REPLAY-23 /home/fap/git/fap-vars/inspection_cases_bundle/api_data/os/server/unix/hpux/hpux_memory_swap_swapinfo_check.md 이미 등록됨 id=166 item_id=166 mapping_id=166
[SKIP] HPUX-REPLAY-24 /home/fap/git/fap-vars/inspection_cases_bundle/api_data/os/server/unix/hpux/hpux_memory_usage_swapinfo_check.md 이미 등록됨 id=167 item_id=167 mapping_id=167
[SKIP] HPUX-REPLAY-25 /home/fap/git/fap-vars/inspection_cases_bundle/api_data/os/server/unix/hpux/hpux_network_link_status_lanscan_check.md 이미 등록됨 id=168 item_id=168 mapping_id=168
[SKIP] HPUX-REPLAY-26 /home/fap/git/fap-vars/inspection_cases_bundle/api_data/os/server/unix/hpux/hpux_network_nic_redundancy_hpapa_check.md 이미 등록됨 id=169 item_id=169 mapping_id=169
[SKIP] HPUX-REPLAY-27 /home/fap/git/fap-vars/inspection_cases_bundle/api_data/os/server/unix/hpux/hpux_network_ping_loss_check.md 이미 등록됨 id=170 item_id=170 mapping_id=170
[SKIP] HPUX-REPLAY-28 /home/fap/git/fap-vars/inspection_cases_bundle/api_data/os/server/unix/hpux/hpux_os_hba_connection_ioscan_check.md 이미 등록됨 id=171 item_id=171 mapping_id=171
[SKIP] HPUX-REPLAY-29 /home/fap/git/fap-vars/inspection_cases_bundle/api_data/os/server/unix/hpux/hpux_os_path_redundancy_scsimgr_check.md 이미 등록됨 id=172 item_id=172 mapping_id=172
[LOOKUP] SOL-REPLAY-CLUSTER-02 /home/fap/git/fap-vars/inspection_cases_bundle/api_data/os/server/unix/solaris/solaris_cluster_daemon_scstat_check.md
[SEED] 관리 값 확인/등록: /home/fap/git/fap-vars/inspection_cases_bundle/api_data/os/server/unix/solaris/solaris_cluster_daemon_scstat_check.md
[SKIP] type_name 이미 존재: 일상점검 (id=3)
[SKIP] area_name 이미 존재: server (id=11)
[CREATE] category_name 생성: 상태점검 (id=2)
[SKIP] application_type 이미 존재: unix (id=17)
[CREATE] application 생성: solaris (id=24)

완료 결과
{
  "type_name": {
    "id": 3,
    "name": "일상점검",
    "is_vulnerability": false,
    "is_immutable": false,
    "category_group_id": null,
    "category_group_name": null,
    "created_by": 1,
    "created_at": 1780531096.887052,
    "modified_by": 1,
    "modified_at": 1780531096.887052
  },
  "area_name": {
    "id": 11,
    "name": "server"
  },
  "category_name": {
    "id": 2,
    "name": "상태점검",
    "typeId": 3,
    "type_id": 3,
    "areaId": 11,
    "area_id": 11
  },
  "application_type": {
    "id": 17,
    "name": "unix"
  },
  "application": {
    "id": 24,
    "name": "solaris",
    "application_type_id": 17,
    "applicationTypeId": 17,
    "areaId": 11,
    "area_id": 11
  }
}
[POST] SOL-REPLAY-CLUSTER-02 /home/fap/git/fap-vars/inspection_cases_bundle/api_data/os/server/unix/solaris/solaris_cluster_daemon_scstat_check.md execute=True
[ERROR] SOL-REPLAY-CLUSTER-02 /home/fap/git/fap-vars/inspection_cases_bundle/api_data/os/server/unix/solaris/solaris_cluster_daemon_scstat_check.md: RuntimeError: POST /data/inspection/items HTTP 404: 
[LOOKUP] SOL-REPLAY-CLUSTER-03 /home/fap/git/fap-vars/inspection_cases_bundle/api_data/os/server/unix/solaris/solaris_cluster_shared_volume_mount_check.md
[POST] SOL-REPLAY-CLUSTER-03 /home/fap/git/fap-vars/inspection_cases_bundle/api_data/os/server/unix/solaris/solaris_cluster_shared_volume_mount_check.md execute=True
[ERROR] SOL-REPLAY-CLUSTER-03 /home/fap/git/fap-vars/inspection_cases_bundle/api_data/os/server/unix/solaris/solaris_cluster_shared_volume_mount_check.md: RuntimeError: POST /data/inspection/items HTTP 404: 
[LOOKUP] SOL-REPLAY-CPU-02 /home/fap/git/fap-vars/inspection_cases_bundle/api_data/os/server/unix/solaris/solaris_cpu_core_psrinfo_check.md
[POST] SOL-REPLAY-CPU-02 /home/fap/git/fap-vars/inspection_cases_bundle/api_data/os/server/unix/solaris/solaris_cpu_core_psrinfo_check.md execute=True
[RESULT] SOL-REPLAY-CPU-02: {"status": "success", "message": null, "data": null}
[LOOKUP] SOL-REPLAY-CPU-01 /home/fap/git/fap-vars/inspection_cases_bundle/api_data/os/server/unix/solaris/solaris_cpu_usage_prstat_check.md
[POST] SOL-REPLAY-CPU-01 /home/fap/git/fap-vars/inspection_cases_bundle/api_data/os/server/unix/solaris/solaris_cpu_usage_prstat_check.md execute=True
[RESULT] SOL-REPLAY-CPU-01: {"status": "success", "message": null, "data": null}
[LOOKUP] SOL-REPLAY-DISK-01 /home/fap/git/fap-vars/inspection_cases_bundle/api_data/os/server/unix/solaris/solaris_disk_filesystem_usage_df_check.md
[POST] SOL-REPLAY-DISK-01 /home/fap/git/fap-vars/inspection_cases_bundle/api_data/os/server/unix/solaris/solaris_disk_filesystem_usage_df_check.md execute=True
[RESULT] SOL-REPLAY-DISK-01: {"status": "success", "message": null, "data": null}
[LOOKUP] SOL-REPLAY-DISK-06 /home/fap/git/fap-vars/inspection_cases_bundle/api_data/os/server/unix/solaris/solaris_disk_inode_df_check.md
[POST] SOL-REPLAY-DISK-06 /home/fap/git/fap-vars/inspection_cases_bundle/api_data/os/server/unix/solaris/solaris_disk_inode_df_check.md execute=True
[RESULT] SOL-REPLAY-DISK-06: {"status": "success", "message": null, "data": null}
[LOOKUP] SOL-REPLAY-DISK-05 /home/fap/git/fap-vars/inspection_cases_bundle/api_data/os/server/unix/solaris/solaris_disk_io_iostat_check.md
[POST] SOL-REPLAY-DISK-05 /home/fap/git/fap-vars/inspection_cases_bundle/api_data/os/server/unix/solaris/solaris_disk_io_iostat_check.md execute=True
[RESULT] SOL-REPLAY-DISK-05: {"status": "success", "message": null, "data": null}
[LOOKUP] SOL-REPLAY-DISK-04 /home/fap/git/fap-vars/inspection_cases_bundle/api_data/os/server/unix/solaris/solaris_disk_recognition_format_check.md
[POST] SOL-REPLAY-DISK-04 /home/fap/git/fap-vars/inspection_cases_bundle/api_data/os/server/unix/solaris/solaris_disk_recognition_format_check.md execute=True
[RESULT] SOL-REPLAY-DISK-04: {"status": "success", "message": null, "data": null}
[LOOKUP] SOL-REPLAY-DISK-03 /home/fap/git/fap-vars/inspection_cases_bundle/api_data/os/server/unix/solaris/solaris_disk_redundancy_metastat_check.md
[POST] SOL-REPLAY-DISK-03 /home/fap/git/fap-vars/inspection_cases_bundle/api_data/os/server/unix/solaris/solaris_disk_redundancy_metastat_check.md execute=True
[RESULT] SOL-REPLAY-DISK-03: {"status": "success", "message": null, "data": null}
[LOOKUP] SOL-REPLAY-DISK-02 /home/fap/git/fap-vars/inspection_cases_bundle/api_data/os/server/unix/solaris/solaris_disk_swap_swap_check.md
[POST] SOL-REPLAY-DISK-02 /home/fap/git/fap-vars/inspection_cases_bundle/api_data/os/server/unix/solaris/solaris_disk_swap_swap_check.md execute=True
[RESULT] SOL-REPLAY-DISK-02: {"status": "success", "message": null, "data": null}
[LOOKUP] SOL-REPLAY-KERNAL-01 /home/fap/git/fap-vars/inspection_cases_bundle/api_data/os/server/unix/solaris/solaris_kernal_parameter_sysdef_check.md
[POST] SOL-REPLAY-KERNAL-01 /home/fap/git/fap-vars/inspection_cases_bundle/api_data/os/server/unix/solaris/solaris_kernal_parameter_sysdef_check.md execute=True
[RESULT] SOL-REPLAY-KERNAL-01: {"status": "success", "message": null, "data": null}
[LOOKUP] SOL-REPLAY-CLUSTER-01 /home/fap/git/fap-vars/inspection_cases_bundle/api_data/os/server/unix/solaris/solaris_log_cluster_clog_check.md
[POST] SOL-REPLAY-CLUSTER-01 /home/fap/git/fap-vars/inspection_cases_bundle/api_data/os/server/unix/solaris/solaris_log_cluster_clog_check.md execute=True
[ERROR] SOL-REPLAY-CLUSTER-01 /home/fap/git/fap-vars/inspection_cases_bundle/api_data/os/server/unix/solaris/solaris_log_cluster_clog_check.md: RuntimeError: POST /data/inspection/items HTTP 404: 
[LOOKUP] SOL-REPLAY-LOG-03 /home/fap/git/fap-vars/inspection_cases_bundle/api_data/os/server/unix/solaris/solaris_log_cpu_dmesg_check.md
[POST] SOL-REPLAY-LOG-03 /home/fap/git/fap-vars/inspection_cases_bundle/api_data/os/server/unix/solaris/solaris_log_cpu_dmesg_check.md execute=True
[RESULT] SOL-REPLAY-LOG-03: {"status": "success", "message": null, "data": null}
[LOOKUP] SOL-REPLAY-LOG-05 /home/fap/git/fap-vars/inspection_cases_bundle/api_data/os/server/unix/solaris/solaris_log_fan_dmesg_check.md
[POST] SOL-REPLAY-LOG-05 /home/fap/git/fap-vars/inspection_cases_bundle/api_data/os/server/unix/solaris/solaris_log_fan_dmesg_check.md execute=True
[RESULT] SOL-REPLAY-LOG-05: {"status": "success", "message": null, "data": null}
[LOOKUP] SOL-REPLAY-LOG-07 /home/fap/git/fap-vars/inspection_cases_bundle/api_data/os/server/unix/solaris/solaris_log_hba_dmesg_check.md
[POST] SOL-REPLAY-LOG-07 /home/fap/git/fap-vars/inspection_cases_bundle/api_data/os/server/unix/solaris/solaris_log_hba_dmesg_check.md execute=True
[RESULT] SOL-REPLAY-LOG-07: {"status": "success", "message": null, "data": null}
[LOOKUP] SOL-REPLAY-LOG-09 /home/fap/git/fap-vars/inspection_cases_bundle/api_data/os/server/unix/solaris/solaris_log_io_dmesg_check.md
[POST] SOL-REPLAY-LOG-09 /home/fap/git/fap-vars/inspection_cases_bundle/api_data/os/server/unix/solaris/solaris_log_io_dmesg_check.md execute=True
[RESULT] SOL-REPLAY-LOG-09: {"status": "success", "message": null, "data": null}
[LOOKUP] SOL-REPLAY-LOG-02 /home/fap/git/fap-vars/inspection_cases_bundle/api_data/os/server/unix/solaris/solaris_log_kernel_dmesg_check.md
[POST] SOL-REPLAY-LOG-02 /home/fap/git/fap-vars/inspection_cases_bundle/api_data/os/server/unix/solaris/solaris_log_kernel_dmesg_check.md execute=True
[RESULT] SOL-REPLAY-LOG-02: {"status": "success", "message": null, "data": null}
[LOOKUP] SOL-REPLAY-LOG-04 /home/fap/git/fap-vars/inspection_cases_bundle/api_data/os/server/unix/solaris/solaris_log_memory_dmesg_check.md
[POST] SOL-REPLAY-LOG-04 /home/fap/git/fap-vars/inspection_cases_bundle/api_data/os/server/unix/solaris/solaris_log_memory_dmesg_check.md execute=True
[RESULT] SOL-REPLAY-LOG-04: {"status": "success", "message": null, "data": null}
[LOOKUP] SOL-REPLAY-LOG-08 /home/fap/git/fap-vars/inspection_cases_bundle/api_data/os/server/unix/solaris/solaris_log_nic_dmesg_check.md
[POST] SOL-REPLAY-LOG-08 /home/fap/git/fap-vars/inspection_cases_bundle/api_data/os/server/unix/solaris/solaris_log_nic_dmesg_check.md execute=True
[RESULT] SOL-REPLAY-LOG-08: {"status": "success", "message": null, "data": null}
[LOOKUP] SOL-REPLAY-LOG-06 /home/fap/git/fap-vars/inspection_cases_bundle/api_data/os/server/unix/solaris/solaris_log_power_dmesg_check.md
[POST] SOL-REPLAY-LOG-06 /home/fap/git/fap-vars/inspection_cases_bundle/api_data/os/server/unix/solaris/solaris_log_power_dmesg_check.md execute=True
[RESULT] SOL-REPLAY-LOG-06: {"status": "success", "message": null, "data": null}
[LOOKUP] SOL-REPLAY-LOG-01 /home/fap/git/fap-vars/inspection_cases_bundle/api_data/os/server/unix/solaris/solaris_log_system_dmesg_check.md
[POST] SOL-REPLAY-LOG-01 /home/fap/git/fap-vars/inspection_cases_bundle/api_data/os/server/unix/solaris/solaris_log_system_dmesg_check.md execute=True
[RESULT] SOL-REPLAY-LOG-01: {"status": "success", "message": null, "data": null}
[LOOKUP] SOL-REPLAY-MEM-03 /home/fap/git/fap-vars/inspection_cases_bundle/api_data/os/server/unix/solaris/solaris_memory_paging_space_swap_check.md
[POST] SOL-REPLAY-MEM-03 /home/fap/git/fap-vars/inspection_cases_bundle/api_data/os/server/unix/solaris/solaris_memory_paging_space_swap_check.md execute=True
[RESULT] SOL-REPLAY-MEM-03: {"status": "success", "message": null, "data": null}
[LOOKUP] SOL-REPLAY-MEM-02 /home/fap/git/fap-vars/inspection_cases_bundle/api_data/os/server/unix/solaris/solaris_memory_recognition_prtdiag_check.md
[POST] SOL-REPLAY-MEM-02 /home/fap/git/fap-vars/inspection_cases_bundle/api_data/os/server/unix/solaris/solaris_memory_recognition_prtdiag_check.md execute=True
[RESULT] SOL-REPLAY-MEM-02: {"status": "success", "message": null, "data": null}
[LOOKUP] SOL-REPLAY-MEM-01 /home/fap/git/fap-vars/inspection_cases_bundle/api_data/os/server/unix/solaris/solaris_memory_usage_vmstat_check.md
[POST] SOL-REPLAY-MEM-01 /home/fap/git/fap-vars/inspection_cases_bundle/api_data/os/server/unix/solaris/solaris_memory_usage_vmstat_check.md execute=True
[RESULT] SOL-REPLAY-MEM-01: {"status": "success", "message": null, "data": null}
[LOOKUP] SOL-REPLAY-NET-01 /home/fap/git/fap-vars/inspection_cases_bundle/api_data/os/server/unix/solaris/solaris_network_link_status_dladm_check.md
[POST] SOL-REPLAY-NET-01 /home/fap/git/fap-vars/inspection_cases_bundle/api_data/os/server/unix/solaris/solaris_network_link_status_dladm_check.md execute=True
[RESULT] SOL-REPLAY-NET-01: {"status": "success", "message": null, "data": null}
[LOOKUP] SOL-REPLAY-NET-02 /home/fap/git/fap-vars/inspection_cases_bundle/api_data/os/server/unix/solaris/solaris_network_nic_redundancy_ipmpstat_check.md
[POST] SOL-REPLAY-NET-02 /home/fap/git/fap-vars/inspection_cases_bundle/api_data/os/server/unix/solaris/solaris_network_nic_redundancy_ipmpstat_check.md execute=True
[RESULT] SOL-REPLAY-NET-02: {"status": "success", "message": null, "data": null}
[LOOKUP] SOL-REPLAY-NET-03 /home/fap/git/fap-vars/inspection_cases_bundle/api_data/os/server/unix/solaris/solaris_network_ping_loss_ping_check.md
[POST] SOL-REPLAY-NET-03 /home/fap/git/fap-vars/inspection_cases_bundle/api_data/os/server/unix/solaris/solaris_network_ping_loss_ping_check.md execute=True
[RESULT] SOL-REPLAY-NET-03: {"status": "success", "message": null, "data": null}
[LOOKUP] SOL-REPLAY-OS-02 /home/fap/git/fap-vars/inspection_cases_bundle/api_data/os/server/unix/solaris/solaris_os_hba_connection_status_fcinfo_check.md
[POST] SOL-REPLAY-OS-02 /home/fap/git/fap-vars/inspection_cases_bundle/api_data/os/server/unix/solaris/solaris_os_hba_connection_status_fcinfo_check.md execute=True
[RESULT] SOL-REPLAY-OS-02: {"status": "success", "message": null, "data": null}
[LOOKUP] SOL-REPLAY-OS-01 /home/fap/git/fap-vars/inspection_cases_bundle/api_data/os/server/unix/solaris/solaris_os_path_redundancy_mpathadm_check.md
[POST] SOL-REPLAY-OS-01 /home/fap/git/fap-vars/inspection_cases_bundle/api_data/os/server/unix/solaris/solaris_os_path_redundancy_mpathadm_check.md execute=True
[RESULT] SOL-REPLAY-OS-01: {"status": "success", "message": null, "data": null}
[LOOKUP] ESXI-DATASTORE-PATH-01 /home/fap/git/fap-vars/inspection_cases_bundle/api_data/os/server/vmware/esxi/esxi_datastore_path_check.md
[POST] ESXI-DATASTORE-PATH-01 /home/fap/git/fap-vars/inspection_cases_bundle/api_data/os/server/vmware/esxi/esxi_datastore_path_check.md execute=True
[ERROR] ESXI-DATASTORE-PATH-01 /home/fap/git/fap-vars/inspection_cases_bundle/api_data/os/server/vmware/esxi/esxi_datastore_path_check.md: RuntimeError: POST /data/inspection/items HTTP 404: 
[LOOKUP] ESXI-STATUS-AGENT-SERVICE-01 /home/fap/git/fap-vars/inspection_cases_bundle/api_data/os/server/vmware/esxi/esxi_status_agent_service_check.md
[POST] ESXI-STATUS-AGENT-SERVICE-01 /home/fap/git/fap-vars/inspection_cases_bundle/api_data/os/server/vmware/esxi/esxi_status_agent_service_check.md execute=True
[ERROR] ESXI-STATUS-AGENT-SERVICE-01 /home/fap/git/fap-vars/inspection_cases_bundle/api_data/os/server/vmware/esxi/esxi_status_agent_service_check.md: RuntimeError: POST /data/inspection/items HTTP 404: 
[SKIP] ESXI-STATUS-API-01 /home/fap/git/fap-vars/inspection_cases_bundle/api_data/os/server/vmware/esxi/esxi_status_basic_check.md 이미 등록됨 id=173 item_id=173 mapping_id=173
[LOOKUP] ESXI-STATUS-HARDWARE-HEALTH-01 /home/fap/git/fap-vars/inspection_cases_bundle/api_data/os/server/vmware/esxi/esxi_status_hardware_health_check.md
[POST] ESXI-STATUS-HARDWARE-HEALTH-01 /home/fap/git/fap-vars/inspection_cases_bundle/api_data/os/server/vmware/esxi/esxi_status_hardware_health_check.md execute=True
[ERROR] ESXI-STATUS-HARDWARE-HEALTH-01 /home/fap/git/fap-vars/inspection_cases_bundle/api_data/os/server/vmware/esxi/esxi_status_hardware_health_check.md: RuntimeError: POST /data/inspection/items HTTP 404: 
[LOOKUP] ESXI-STATUS-VCENTER-AGENT-01 /home/fap/git/fap-vars/inspection_cases_bundle/api_data/os/server/vmware/esxi/esxi_status_vcenter_agent_check.md
[POST] ESXI-STATUS-VCENTER-AGENT-01 /home/fap/git/fap-vars/inspection_cases_bundle/api_data/os/server/vmware/esxi/esxi_status_vcenter_agent_check.md execute=True
[ERROR] ESXI-STATUS-VCENTER-AGENT-01 /home/fap/git/fap-vars/inspection_cases_bundle/api_data/os/server/vmware/esxi/esxi_status_vcenter_agent_check.md: RuntimeError: POST /data/inspection/items HTTP 404: 
[LOOKUP] ESXI-STATUS-VM-LIST-01 /home/fap/git/fap-vars/inspection_cases_bundle/api_data/os/server/vmware/esxi/esxi_status_vm_list_check.md
[POST] ESXI-STATUS-VM-LIST-01 /home/fap/git/fap-vars/inspection_cases_bundle/api_data/os/server/vmware/esxi/esxi_status_vm_list_check.md execute=True
[ERROR] ESXI-STATUS-VM-LIST-01 /home/fap/git/fap-vars/inspection_cases_bundle/api_data/os/server/vmware/esxi/esxi_status_vm_list_check.md: RuntimeError: POST /data/inspection/items HTTP 404: 
[LOOKUP] W-REPLAY-CLUSTER-DAEMON-01 /home/fap/git/fap-vars/inspection_cases_bundle/api_data/os/server/windows/windows2019/windows_cluster_daemon_check.md
[SEED] 관리 값 확인/등록: /home/fap/git/fap-vars/inspection_cases_bundle/api_data/os/server/windows/windows2019/windows_cluster_daemon_check.md
[SKIP] type_name 이미 존재: 일상점검 (id=3)
[SKIP] area_name 이미 존재: server (id=11)
[CREATE] category_name 생성: 상태점검 (id=2)
[CREATE] application_type 생성: windows (id=23)
[CREATE] application 생성: windows2019 (id=25)

완료 결과
{
  "type_name": {
    "id": 3,
    "name": "일상점검",
    "is_vulnerability": false,
    "is_immutable": false,
    "category_group_id": null,
    "category_group_name": null,
    "created_by": 1,
    "created_at": 1780531096.887052,
    "modified_by": 1,
    "modified_at": 1780531096.887052
  },
  "area_name": {
    "id": 11,
    "name": "server"
  },
  "category_name": {
    "id": 2,
    "name": "상태점검",
    "typeId": 3,
    "type_id": 3,
    "areaId": 11,
    "area_id": 11
  },
  "application_type": {
    "id": 23,
    "name": "windows",
    "areaId": 11,
    "area_id": 11
  },
  "application": {
    "id": 25,
    "name": "windows2019",
    "application_type_id": 23,
    "applicationTypeId": 23,
    "areaId": 11,
    "area_id": 11
  }
}
[POST] W-REPLAY-CLUSTER-DAEMON-01 /home/fap/git/fap-vars/inspection_cases_bundle/api_data/os/server/windows/windows2019/windows_cluster_daemon_check.md execute=True
[ERROR] W-REPLAY-CLUSTER-DAEMON-01 /home/fap/git/fap-vars/inspection_cases_bundle/api_data/os/server/windows/windows2019/windows_cluster_daemon_check.md: RuntimeError: POST /data/inspection/items HTTP 404: 
[LOOKUP] W-REPLAY-CLUSTER-MOUNT-01 /home/fap/git/fap-vars/inspection_cases_bundle/api_data/os/server/windows/windows2019/windows_cluster_shared_volume_check.md
[POST] W-REPLAY-CLUSTER-MOUNT-01 /home/fap/git/fap-vars/inspection_cases_bundle/api_data/os/server/windows/windows2019/windows_cluster_shared_volume_check.md execute=True
[ERROR] W-REPLAY-CLUSTER-MOUNT-01 /home/fap/git/fap-vars/inspection_cases_bundle/api_data/os/server/windows/windows2019/windows_cluster_shared_volume_check.md: RuntimeError: POST /data/inspection/items HTTP 404: 
[LOOKUP] W-REPLAY-CPU-CORE-01 /home/fap/git/fap-vars/inspection_cases_bundle/api_data/os/server/windows/windows2019/windows_cpu_core_cim_check.md
[POST] W-REPLAY-CPU-CORE-01 /home/fap/git/fap-vars/inspection_cases_bundle/api_data/os/server/windows/windows2019/windows_cpu_core_cim_check.md execute=True
[RESULT] W-REPLAY-CPU-CORE-01: {"status": "success", "message": null, "data": null}
[LOOKUP] W-REPLAY-CPU-01 /home/fap/git/fap-vars/inspection_cases_bundle/api_data/os/server/windows/windows2019/windows_cpu_usage_counter_check.md
[POST] W-REPLAY-CPU-01 /home/fap/git/fap-vars/inspection_cases_bundle/api_data/os/server/windows/windows2019/windows_cpu_usage_counter_check.md execute=True
[RESULT] W-REPLAY-CPU-01: {"status": "success", "message": null, "data": null}
[LOOKUP] W-REPLAY-SWAP-01 /home/fap/git/fap-vars/inspection_cases_bundle/api_data/os/server/windows/windows2019/windows_disk_ swap_usage_check.md
[POST] W-REPLAY-SWAP-01 /home/fap/git/fap-vars/inspection_cases_bundle/api_data/os/server/windows/windows2019/windows_disk_ swap_usage_check.md execute=True
[RESULT] W-REPLAY-SWAP-01: {"status": "success", "message": null, "data": null}
[LOOKUP] W-REPLAY-DISK-01 /home/fap/git/fap-vars/inspection_cases_bundle/api_data/os/server/windows/windows2019/windows_disk_filesystem_usage_cim_check.md
[POST] W-REPLAY-DISK-01 /home/fap/git/fap-vars/inspection_cases_bundle/api_data/os/server/windows/windows2019/windows_disk_filesystem_usage_cim_check.md execute=True
[RESULT] W-REPLAY-DISK-01: {"status": "success", "message": null, "data": null}
[LOOKUP] W-REPLAY-INODE-01 /home/fap/git/fap-vars/inspection_cases_bundle/api_data/os/server/windows/windows2019/windows_disk_inode_not_applicable_check.md
[POST] W-REPLAY-INODE-01 /home/fap/git/fap-vars/inspection_cases_bundle/api_data/os/server/windows/windows2019/windows_disk_inode_not_applicable_check.md execute=True
[RESULT] W-REPLAY-INODE-01: {"status": "success", "message": null, "data": null}
[LOOKUP] W-REPLAY-DISK-IO-01 /home/fap/git/fap-vars/inspection_cases_bundle/api_data/os/server/windows/windows2019/windows_disk_io_counter_check.md
[POST] W-REPLAY-DISK-IO-01 /home/fap/git/fap-vars/inspection_cases_bundle/api_data/os/server/windows/windows2019/windows_disk_io_counter_check.md execute=True
[RESULT] W-REPLAY-DISK-IO-01: {"status": "success", "message": null, "data": null}
[LOOKUP] W-REPLAY-DISK-MOUNT-01 /home/fap/git/fap-vars/inspection_cases_bundle/api_data/os/server/windows/windows2019/windows_disk_recognition_cim_check.md
[POST] W-REPLAY-DISK-MOUNT-01 /home/fap/git/fap-vars/inspection_cases_bundle/api_data/os/server/windows/windows2019/windows_disk_recognition_cim_check.md execute=True
[ERROR] W-REPLAY-DISK-MOUNT-01 /home/fap/git/fap-vars/inspection_cases_bundle/api_data/os/server/windows/windows2019/windows_disk_recognition_cim_check.md: RuntimeError: POST /data/inspection/items HTTP 404: 
[LOOKUP] W-REPLAY-DISK-HA-01 /home/fap/git/fap-vars/inspection_cases_bundle/api_data/os/server/windows/windows2019/windows_disk_redundancy_health_check.md
[POST] W-REPLAY-DISK-HA-01 /home/fap/git/fap-vars/inspection_cases_bundle/api_data/os/server/windows/windows2019/windows_disk_redundancy_health_check.md execute=True
[RESULT] W-REPLAY-DISK-HA-01: {"status": "success", "message": null, "data": null}
[LOOKUP] W-REPLAY-KERNEL-01 /home/fap/git/fap-vars/inspection_cases_bundle/api_data/os/server/windows/windows2019/windows_kernel_parameter_nettcp_check.md
[POST] W-REPLAY-KERNEL-01 /home/fap/git/fap-vars/inspection_cases_bundle/api_data/os/server/windows/windows2019/windows_kernel_parameter_nettcp_check.md execute=True
[RESULT] W-REPLAY-KERNEL-01: {"status": "success", "message": null, "data": null}
[LOOKUP] W-REPLAY-CLUSTER-LOG-01 /home/fap/git/fap-vars/inspection_cases_bundle/api_data/os/server/windows/windows2019/windows_log_cluster_event_check.md
[POST] W-REPLAY-CLUSTER-LOG-01 /home/fap/git/fap-vars/inspection_cases_bundle/api_data/os/server/windows/windows2019/windows_log_cluster_event_check.md execute=True
[ERROR] W-REPLAY-CLUSTER-LOG-01 /home/fap/git/fap-vars/inspection_cases_bundle/api_data/os/server/windows/windows2019/windows_log_cluster_event_check.md: RuntimeError: POST /data/inspection/items HTTP 404: 
[LOOKUP] W-REPLAY-CPU-LOG-01 /home/fap/git/fap-vars/inspection_cases_bundle/api_data/os/server/windows/windows2019/windows_log_cpu_event_check.md
[POST] W-REPLAY-CPU-LOG-01 /home/fap/git/fap-vars/inspection_cases_bundle/api_data/os/server/windows/windows2019/windows_log_cpu_event_check.md execute=True
[RESULT] W-REPLAY-CPU-LOG-01: {"status": "success", "message": null, "data": null}
[LOOKUP] W-REPLAY-FAN-LOG-01 /home/fap/git/fap-vars/inspection_cases_bundle/api_data/os/server/windows/windows2019/windows_log_fan_manual_check.md
[POST] W-REPLAY-FAN-LOG-01 /home/fap/git/fap-vars/inspection_cases_bundle/api_data/os/server/windows/windows2019/windows_log_fan_manual_check.md execute=True
[RESULT] W-REPLAY-FAN-LOG-01: {"status": "success", "message": null, "data": null}
[LOOKUP] W-REPLAY-HBA-LOG-01 /home/fap/git/fap-vars/inspection_cases_bundle/api_data/os/server/windows/windows2019/windows_log_hba_manual_check.md
[POST] W-REPLAY-HBA-LOG-01 /home/fap/git/fap-vars/inspection_cases_bundle/api_data/os/server/windows/windows2019/windows_log_hba_manual_check.md execute=True
[RESULT] W-REPLAY-HBA-LOG-01: {"status": "success", "message": null, "data": null}
[LOOKUP] W-REPLAY-IO-LOG-01 /home/fap/git/fap-vars/inspection_cases_bundle/api_data/os/server/windows/windows2019/windows_log_io_event_check.md
[POST] W-REPLAY-IO-LOG-01 /home/fap/git/fap-vars/inspection_cases_bundle/api_data/os/server/windows/windows2019/windows_log_io_event_check.md execute=True
[RESULT] W-REPLAY-IO-LOG-01: {"status": "success", "message": null, "data": null}
[LOOKUP] W-REPLAY-KERNEL-LOG-01 /home/fap/git/fap-vars/inspection_cases_bundle/api_data/os/server/windows/windows2019/windows_log_kernel_event_check.md
[POST] W-REPLAY-KERNEL-LOG-01 /home/fap/git/fap-vars/inspection_cases_bundle/api_data/os/server/windows/windows2019/windows_log_kernel_event_check.md execute=True
[ERROR] W-REPLAY-KERNEL-LOG-01 /home/fap/git/fap-vars/inspection_cases_bundle/api_data/os/server/windows/windows2019/windows_log_kernel_event_check.md: RuntimeError: POST /data/inspection/items HTTP 404: 
[LOOKUP] W-REPLAY-MEM-LOG-01 /home/fap/git/fap-vars/inspection_cases_bundle/api_data/os/server/windows/windows2019/windows_log_memory_event_check.md
[POST] W-REPLAY-MEM-LOG-01 /home/fap/git/fap-vars/inspection_cases_bundle/api_data/os/server/windows/windows2019/windows_log_memory_event_check.md execute=True
[RESULT] W-REPLAY-MEM-LOG-01: {"status": "success", "message": null, "data": null}
[LOOKUP] W-REPLAY-NIC-LOG-01 /home/fap/git/fap-vars/inspection_cases_bundle/api_data/os/server/windows/windows2019/windows_log_nic_event_check.md
[POST] W-REPLAY-NIC-LOG-01 /home/fap/git/fap-vars/inspection_cases_bundle/api_data/os/server/windows/windows2019/windows_log_nic_event_check.md execute=True
[RESULT] W-REPLAY-NIC-LOG-01: {"status": "success", "message": null, "data": null}
[LOOKUP] W-REPLAY-POWER-LOG-01 /home/fap/git/fap-vars/inspection_cases_bundle/api_data/os/server/windows/windows2019/windows_log_power_event_check.md
[POST] W-REPLAY-POWER-LOG-01 /home/fap/git/fap-vars/inspection_cases_bundle/api_data/os/server/windows/windows2019/windows_log_power_event_check.md execute=True
[ERROR] W-REPLAY-POWER-LOG-01 /home/fap/git/fap-vars/inspection_cases_bundle/api_data/os/server/windows/windows2019/windows_log_power_event_check.md: RuntimeError: POST /data/inspection/items HTTP 404: 
[LOOKUP] W-REPLAY-LOG-01 /home/fap/git/fap-vars/inspection_cases_bundle/api_data/os/server/windows/windows2019/windows_log_system_event_check.md
[POST] W-REPLAY-LOG-01 /home/fap/git/fap-vars/inspection_cases_bundle/api_data/os/server/windows/windows2019/windows_log_system_event_check.md execute=True
[RESULT] W-REPLAY-LOG-01: {"status": "success", "message": null, "data": null}
[SKIP] W-REPLAY-SWAP-01 /home/fap/git/fap-vars/inspection_cases_bundle/api_data/os/server/windows/windows2019/windows_memory_pagefile_usage_cim_check.md 이미 등록됨 id=None item_id=None mapping_id=None
[LOOKUP] W-REPLAY-MEM-STATUS-01 /home/fap/git/fap-vars/inspection_cases_bundle/api_data/os/server/windows/windows2019/windows_memory_recognition_cim_check.md
[POST] W-REPLAY-MEM-STATUS-01 /home/fap/git/fap-vars/inspection_cases_bundle/api_data/os/server/windows/windows2019/windows_memory_recognition_cim_check.md execute=True
[ERROR] W-REPLAY-MEM-STATUS-01 /home/fap/git/fap-vars/inspection_cases_bundle/api_data/os/server/windows/windows2019/windows_memory_recognition_cim_check.md: RuntimeError: POST /data/inspection/items HTTP 404: 
[LOOKUP] W-REPLAY-MEM-01 /home/fap/git/fap-vars/inspection_cases_bundle/api_data/os/server/windows/windows2019/windows_memory_usage_cim_check.md
[POST] W-REPLAY-MEM-01 /home/fap/git/fap-vars/inspection_cases_bundle/api_data/os/server/windows/windows2019/windows_memory_usage_cim_check.md execute=True
[RESULT] W-REPLAY-MEM-01: {"status": "success", "message": null, "data": null}
[LOOKUP] W-REPLAY-NET-LINK-01 /home/fap/git/fap-vars/inspection_cases_bundle/api_data/os/server/windows/windows2019/windows_network_link_status_check.md
[POST] W-REPLAY-NET-LINK-01 /home/fap/git/fap-vars/inspection_cases_bundle/api_data/os/server/windows/windows2019/windows_network_link_status_check.md execute=True
[RESULT] W-REPLAY-NET-LINK-01: {"status": "success", "message": null, "data": null}
[LOOKUP] W-REPLAY-NIC-HA-01 /home/fap/git/fap-vars/inspection_cases_bundle/api_data/os/server/windows/windows2019/windows_network_nic_teaming_check.md
[POST] W-REPLAY-NIC-HA-01 /home/fap/git/fap-vars/inspection_cases_bundle/api_data/os/server/windows/windows2019/windows_network_nic_teaming_check.md execute=True
[RESULT] W-REPLAY-NIC-HA-01: {"status": "success", "message": null, "data": null}
[LOOKUP] W-REPLAY-GW-PING-01 /home/fap/git/fap-vars/inspection_cases_bundle/api_data/os/server/windows/windows2019/windows_network_ping_loss_check.md
[POST] W-REPLAY-GW-PING-01 /home/fap/git/fap-vars/inspection_cases_bundle/api_data/os/server/windows/windows2019/windows_network_ping_loss_check.md execute=True
[RESULT] W-REPLAY-GW-PING-01: {"status": "success", "message": null, "data": null}
[LOOKUP] W-REPLAY-OS-HBA-LINK-01 /home/fap/git/fap-vars/inspection_cases_bundle/api_data/os/server/windows/windows2019/windows_os_hba_connection_manual_check.md
[POST] W-REPLAY-OS-HBA-LINK-01 /home/fap/git/fap-vars/inspection_cases_bundle/api_data/os/server/windows/windows2019/windows_os_hba_connection_manual_check.md execute=True
[ERROR] W-REPLAY-OS-HBA-LINK-01 /home/fap/git/fap-vars/inspection_cases_bundle/api_data/os/server/windows/windows2019/windows_os_hba_connection_manual_check.md: RuntimeError: POST /data/inspection/items HTTP 404: 
[LOOKUP] W-REPLAY-OS-PATH-HA-01 /home/fap/git/fap-vars/inspection_cases_bundle/api_data/os/server/windows/windows2019/windows_os_mpio_path_check.md
[POST] W-REPLAY-OS-PATH-HA-01 /home/fap/git/fap-vars/inspection_cases_bundle/api_data/os/server/windows/windows2019/windows_os_mpio_path_check.md execute=True
[ERROR] W-REPLAY-OS-PATH-HA-01 /home/fap/git/fap-vars/inspection_cases_bundle/api_data/os/server/windows/windows2019/windows_os_mpio_path_check.md: RuntimeError: POST /data/inspection/items HTTP 404: 
[LOOKUP] NETWORK-DELL-DDOS-DELL-1-10-STRG-CONTROLLER-LOG-CHK /home/fap/git/fap-vars/inspection_cases_bundle/api_data/os/storage/dell/ddos/dell_1_10_strg_controller_log_chk.md
[POST] NETWORK-DELL-DDOS-DELL-1-10-STRG-CONTROLLER-LOG-CHK /home/fap/git/fap-vars/inspection_cases_bundle/api_data/os/storage/dell/ddos/dell_1_10_strg_controller_log_chk.md execute=True
[ERROR] NETWORK-DELL-DDOS-DELL-1-10-STRG-CONTROLLER-LOG-CHK /home/fap/git/fap-vars/inspection_cases_bundle/api_data/os/storage/dell/ddos/dell_1_10_strg_controller_log_chk.md: RuntimeError: POST /data/inspection/items HTTP 404: 
[LOOKUP] NETWORK-DELL-DDOS-DELL-1-11-SPS-LOG-CHK /home/fap/git/fap-vars/inspection_cases_bundle/api_data/os/storage/dell/ddos/dell_1_11_sps_log_chk.md
[POST] NETWORK-DELL-DDOS-DELL-1-11-SPS-LOG-CHK /home/fap/git/fap-vars/inspection_cases_bundle/api_data/os/storage/dell/ddos/dell_1_11_sps_log_chk.md execute=True
[ERROR] NETWORK-DELL-DDOS-DELL-1-11-SPS-LOG-CHK /home/fap/git/fap-vars/inspection_cases_bundle/api_data/os/storage/dell/ddos/dell_1_11_sps_log_chk.md: RuntimeError: POST /data/inspection/items HTTP 404: 
[LOOKUP] NETWORK-DELL-DDOS-DELL-1-12-STRG-CONTROLLER-LOG-CHK /home/fap/git/fap-vars/inspection_cases_bundle/api_data/os/storage/dell/ddos/dell_1_12_strg_controller_log_chk.md
[POST] NETWORK-DELL-DDOS-DELL-1-12-STRG-CONTROLLER-LOG-CHK /home/fap/git/fap-vars/inspection_cases_bundle/api_data/os/storage/dell/ddos/dell_1_12_strg_controller_log_chk.md execute=True
[ERROR] NETWORK-DELL-DDOS-DELL-1-12-STRG-CONTROLLER-LOG-CHK /home/fap/git/fap-vars/inspection_cases_bundle/api_data/os/storage/dell/ddos/dell_1_12_strg_controller_log_chk.md: RuntimeError: POST /data/inspection/items HTTP 404: 
[LOOKUP] NETWORK-DELL-DDOS-DELL-1-13-STRG-BATTERY-LOG-CHK /home/fap/git/fap-vars/inspection_cases_bundle/api_data/os/storage/dell/ddos/dell_1_13_strg_battery_log_chk.md
[POST] NETWORK-DELL-DDOS-DELL-1-13-STRG-BATTERY-LOG-CHK /home/fap/git/fap-vars/inspection_cases_bundle/api_data/os/storage/dell/ddos/dell_1_13_strg_battery_log_chk.md execute=True
[ERROR] NETWORK-DELL-DDOS-DELL-1-13-STRG-BATTERY-LOG-CHK /home/fap/git/fap-vars/inspection_cases_bundle/api_data/os/storage/dell/ddos/dell_1_13_strg_battery_log_chk.md: RuntimeError: POST /data/inspection/items HTTP 404: 
[LOOKUP] NETWORK-DELL-DDOS-DELL-1-1-EVENT-LOG-CHK /home/fap/git/fap-vars/inspection_cases_bundle/api_data/os/storage/dell/ddos/dell_1_1_event_log_chk.md
[POST] NETWORK-DELL-DDOS-DELL-1-1-EVENT-LOG-CHK /home/fap/git/fap-vars/inspection_cases_bundle/api_data/os/storage/dell/ddos/dell_1_1_event_log_chk.md execute=True
[ERROR] NETWORK-DELL-DDOS-DELL-1-1-EVENT-LOG-CHK /home/fap/git/fap-vars/inspection_cases_bundle/api_data/os/storage/dell/ddos/dell_1_1_event_log_chk.md: RuntimeError: POST /data/inspection/items HTTP 404: 
[LOOKUP] NETWORK-DELL-DDOS-DELL-1-2-MEMORY-LOG-CHK /home/fap/git/fap-vars/inspection_cases_bundle/api_data/os/storage/dell/ddos/dell_1_2_memory_log_chk.md
[POST] NETWORK-DELL-DDOS-DELL-1-2-MEMORY-LOG-CHK /home/fap/git/fap-vars/inspection_cases_bundle/api_data/os/storage/dell/ddos/dell_1_2_memory_log_chk.md execute=True
[ERROR] NETWORK-DELL-DDOS-DELL-1-2-MEMORY-LOG-CHK /home/fap/git/fap-vars/inspection_cases_bundle/api_data/os/storage/dell/ddos/dell_1_2_memory_log_chk.md: RuntimeError: POST /data/inspection/items HTTP 404: 
[LOOKUP] NETWORK-DELL-DDOS-DELL-1-3-DISK-LOG-CHK /home/fap/git/fap-vars/inspection_cases_bundle/api_data/os/storage/dell/ddos/dell_1_3_disk_log_chk.md
[POST] NETWORK-DELL-DDOS-DELL-1-3-DISK-LOG-CHK /home/fap/git/fap-vars/inspection_cases_bundle/api_data/os/storage/dell/ddos/dell_1_3_disk_log_chk.md execute=True
[ERROR] NETWORK-DELL-DDOS-DELL-1-3-DISK-LOG-CHK /home/fap/git/fap-vars/inspection_cases_bundle/api_data/os/storage/dell/ddos/dell_1_3_disk_log_chk.md: RuntimeError: POST /data/inspection/items HTTP 404: 
[LOOKUP] NETWORK-DELL-DDOS-DELL-1-4-FAN-LOG-CHK /home/fap/git/fap-vars/inspection_cases_bundle/api_data/os/storage/dell/ddos/dell_1_4_fan_log_chk.md
[POST] NETWORK-DELL-DDOS-DELL-1-4-FAN-LOG-CHK /home/fap/git/fap-vars/inspection_cases_bundle/api_data/os/storage/dell/ddos/dell_1_4_fan_log_chk.md execute=True
[ERROR] NETWORK-DELL-DDOS-DELL-1-4-FAN-LOG-CHK /home/fap/git/fap-vars/inspection_cases_bundle/api_data/os/storage/dell/ddos/dell_1_4_fan_log_chk.md: RuntimeError: POST /data/inspection/items HTTP 404: 
[LOOKUP] NETWORK-DELL-DDOS-DELL-1-5-POWER-LOG-CHK /home/fap/git/fap-vars/inspection_cases_bundle/api_data/os/storage/dell/ddos/dell_1_5_power_log_chk.md
[POST] NETWORK-DELL-DDOS-DELL-1-5-POWER-LOG-CHK /home/fap/git/fap-vars/inspection_cases_bundle/api_data/os/storage/dell/ddos/dell_1_5_power_log_chk.md execute=True
[ERROR] NETWORK-DELL-DDOS-DELL-1-5-POWER-LOG-CHK /home/fap/git/fap-vars/inspection_cases_bundle/api_data/os/storage/dell/ddos/dell_1_5_power_log_chk.md: RuntimeError: POST /data/inspection/items HTTP 404: 
[LOOKUP] NETWORK-DELL-DDOS-DELL-1-6-HBA-LOG-CHK /home/fap/git/fap-vars/inspection_cases_bundle/api_data/os/storage/dell/ddos/dell_1_6_hba_log_chk.md
[POST] NETWORK-DELL-DDOS-DELL-1-6-HBA-LOG-CHK /home/fap/git/fap-vars/inspection_cases_bundle/api_data/os/storage/dell/ddos/dell_1_6_hba_log_chk.md execute=True
[ERROR] NETWORK-DELL-DDOS-DELL-1-6-HBA-LOG-CHK /home/fap/git/fap-vars/inspection_cases_bundle/api_data/os/storage/dell/ddos/dell_1_6_hba_log_chk.md: RuntimeError: POST /data/inspection/items HTTP 404: 
[LOOKUP] NETWORK-DELL-DDOS-DELL-1-7-BATTERY-LOG-CHK /home/fap/git/fap-vars/inspection_cases_bundle/api_data/os/storage/dell/ddos/dell_1_7_battery_log_chk.md
[POST] NETWORK-DELL-DDOS-DELL-1-7-BATTERY-LOG-CHK /home/fap/git/fap-vars/inspection_cases_bundle/api_data/os/storage/dell/ddos/dell_1_7_battery_log_chk.md execute=True
[ERROR] NETWORK-DELL-DDOS-DELL-1-7-BATTERY-LOG-CHK /home/fap/git/fap-vars/inspection_cases_bundle/api_data/os/storage/dell/ddos/dell_1_7_battery_log_chk.md: RuntimeError: POST /data/inspection/items HTTP 404: 
[LOOKUP] NETWORK-DELL-DDOS-DELL-1-8-CONTROLLER-LOG-CHK /home/fap/git/fap-vars/inspection_cases_bundle/api_data/os/storage/dell/ddos/dell_1_8_controller_log_chk.md
[POST] NETWORK-DELL-DDOS-DELL-1-8-CONTROLLER-LOG-CHK /home/fap/git/fap-vars/inspection_cases_bundle/api_data/os/storage/dell/ddos/dell_1_8_controller_log_chk.md execute=True
[ERROR] NETWORK-DELL-DDOS-DELL-1-8-CONTROLLER-LOG-CHK /home/fap/git/fap-vars/inspection_cases_bundle/api_data/os/storage/dell/ddos/dell_1_8_controller_log_chk.md: RuntimeError: POST /data/inspection/items HTTP 404: 
[LOOKUP] NETWORK-DELL-DDOS-DELL-1-9-DATA-STRG-LOG-CHK /home/fap/git/fap-vars/inspection_cases_bundle/api_data/os/storage/dell/ddos/dell_1_9_data_strg_log_chk.md
[POST] NETWORK-DELL-DDOS-DELL-1-9-DATA-STRG-LOG-CHK /home/fap/git/fap-vars/inspection_cases_bundle/api_data/os/storage/dell/ddos/dell_1_9_data_strg_log_chk.md execute=True
[ERROR] NETWORK-DELL-DDOS-DELL-1-9-DATA-STRG-LOG-CHK /home/fap/git/fap-vars/inspection_cases_bundle/api_data/os/storage/dell/ddos/dell_1_9_data_strg_log_chk.md: RuntimeError: POST /data/inspection/items HTTP 404: 
[LOOKUP] NETWORK-DELL-DDOS-DELL-2-1-MULTIPATH-CHK /home/fap/git/fap-vars/inspection_cases_bundle/api_data/os/storage/dell/ddos/dell_2_1_multipath_chk.md
[POST] NETWORK-DELL-DDOS-DELL-2-1-MULTIPATH-CHK /home/fap/git/fap-vars/inspection_cases_bundle/api_data/os/storage/dell/ddos/dell_2_1_multipath_chk.md execute=True
[ERROR] NETWORK-DELL-DDOS-DELL-2-1-MULTIPATH-CHK /home/fap/git/fap-vars/inspection_cases_bundle/api_data/os/storage/dell/ddos/dell_2_1_multipath_chk.md: RuntimeError: POST /data/inspection/items HTTP 404: 
[LOOKUP] NETWORK-DELL-DDOS-DELL-3-1-ENV-POWER-CHK /home/fap/git/fap-vars/inspection_cases_bundle/api_data/os/storage/dell/ddos/dell_3_1_env_power_chk.md
[POST] NETWORK-DELL-DDOS-DELL-3-1-ENV-POWER-CHK /home/fap/git/fap-vars/inspection_cases_bundle/api_data/os/storage/dell/ddos/dell_3_1_env_power_chk.md execute=True
[ERROR] NETWORK-DELL-DDOS-DELL-3-1-ENV-POWER-CHK /home/fap/git/fap-vars/inspection_cases_bundle/api_data/os/storage/dell/ddos/dell_3_1_env_power_chk.md: RuntimeError: POST /data/inspection/items HTTP 404: 
[LOOKUP] NETWORK-DELL-DDOS-DELL-3-2-ENV-LOG-CHK /home/fap/git/fap-vars/inspection_cases_bundle/api_data/os/storage/dell/ddos/dell_3_2_env_log_chk.md
[POST] NETWORK-DELL-DDOS-DELL-3-2-ENV-LOG-CHK /home/fap/git/fap-vars/inspection_cases_bundle/api_data/os/storage/dell/ddos/dell_3_2_env_log_chk.md execute=True
[ERROR] NETWORK-DELL-DDOS-DELL-3-2-ENV-LOG-CHK /home/fap/git/fap-vars/inspection_cases_bundle/api_data/os/storage/dell/ddos/dell_3_2_env_log_chk.md: RuntimeError: POST /data/inspection/items HTTP 404: 
[LOOKUP] NETWORK-DELL-DDOS-DELL-3-3-ENV-HW-CHK /home/fap/git/fap-vars/inspection_cases_bundle/api_data/os/storage/dell/ddos/dell_3_3_env_hw_chk.md
[POST] NETWORK-DELL-DDOS-DELL-3-3-ENV-HW-CHK /home/fap/git/fap-vars/inspection_cases_bundle/api_data/os/storage/dell/ddos/dell_3_3_env_hw_chk.md execute=True
[ERROR] NETWORK-DELL-DDOS-DELL-3-3-ENV-HW-CHK /home/fap/git/fap-vars/inspection_cases_bundle/api_data/os/storage/dell/ddos/dell_3_3_env_hw_chk.md: RuntimeError: POST /data/inspection/items HTTP 404: 
[LOOKUP] WAS-APACHE-TOMCAT-ROCKY-REPLAY-001 /home/fap/git/fap-vars/inspection_cases_bundle/api_data/os/was/apache_tomcat/rocky/was_1_1_ps_cpu_chk.md
[POST] WAS-APACHE-TOMCAT-ROCKY-REPLAY-001 /home/fap/git/fap-vars/inspection_cases_bundle/api_data/os/was/apache_tomcat/rocky/was_1_1_ps_cpu_chk.md execute=True
[ERROR] WAS-APACHE-TOMCAT-ROCKY-REPLAY-001 /home/fap/git/fap-vars/inspection_cases_bundle/api_data/os/was/apache_tomcat/rocky/was_1_1_ps_cpu_chk.md: RuntimeError: POST /data/inspection/items HTTP 404: 
[LOOKUP] WAS-APACHE-TOMCAT-ROCKY-REPLAY-002 /home/fap/git/fap-vars/inspection_cases_bundle/api_data/os/was/apache_tomcat/rocky/was_1_2_ps_mem_chk.md
[POST] WAS-APACHE-TOMCAT-ROCKY-REPLAY-002 /home/fap/git/fap-vars/inspection_cases_bundle/api_data/os/was/apache_tomcat/rocky/was_1_2_ps_mem_chk.md execute=True
[ERROR] WAS-APACHE-TOMCAT-ROCKY-REPLAY-002 /home/fap/git/fap-vars/inspection_cases_bundle/api_data/os/was/apache_tomcat/rocky/was_1_2_ps_mem_chk.md: RuntimeError: POST /data/inspection/items HTTP 404: 
[LOOKUP] WAS-APACHE-TOMCAT-ROCKY-REPLAY-003 /home/fap/git/fap-vars/inspection_cases_bundle/api_data/os/was/apache_tomcat/rocky/was_1_3_ps_status_chk.md
[POST] WAS-APACHE-TOMCAT-ROCKY-REPLAY-003 /home/fap/git/fap-vars/inspection_cases_bundle/api_data/os/was/apache_tomcat/rocky/was_1_3_ps_status_chk.md execute=True
[ERROR] WAS-APACHE-TOMCAT-ROCKY-REPLAY-003 /home/fap/git/fap-vars/inspection_cases_bundle/api_data/os/was/apache_tomcat/rocky/was_1_3_ps_status_chk.md: RuntimeError: POST /data/inspection/items HTTP 404: 
[LOOKUP] WAS-APACHE-TOMCAT-ROCKY-REPLAY-004 /home/fap/git/fap-vars/inspection_cases_bundle/api_data/os/was/apache_tomcat/rocky/was_1_4_ps_startup_chk.md
[POST] WAS-APACHE-TOMCAT-ROCKY-REPLAY-004 /home/fap/git/fap-vars/inspection_cases_bundle/api_data/os/was/apache_tomcat/rocky/was_1_4_ps_startup_chk.md execute=True
[ERROR] WAS-APACHE-TOMCAT-ROCKY-REPLAY-004 /home/fap/git/fap-vars/inspection_cases_bundle/api_data/os/was/apache_tomcat/rocky/was_1_4_ps_startup_chk.md: RuntimeError: POST /data/inspection/items HTTP 404: 
[LOOKUP] WAS-APACHE-TOMCAT-ROCKY-REPLAY-005 /home/fap/git/fap-vars/inspection_cases_bundle/api_data/os/was/apache_tomcat/rocky/was_2_1_log_manage_chk.md
[POST] WAS-APACHE-TOMCAT-ROCKY-REPLAY-005 /home/fap/git/fap-vars/inspection_cases_bundle/api_data/os/was/apache_tomcat/rocky/was_2_1_log_manage_chk.md execute=True
[ERROR] WAS-APACHE-TOMCAT-ROCKY-REPLAY-005 /home/fap/git/fap-vars/inspection_cases_bundle/api_data/os/was/apache_tomcat/rocky/was_2_1_log_manage_chk.md: RuntimeError: POST /data/inspection/items HTTP 404: 
[LOOKUP] WAS-APACHE-TOMCAT-ROCKY-REPLAY-006 /home/fap/git/fap-vars/inspection_cases_bundle/api_data/os/was/apache_tomcat/rocky/was_2_2_log_service_chk.md
[POST] WAS-APACHE-TOMCAT-ROCKY-REPLAY-006 /home/fap/git/fap-vars/inspection_cases_bundle/api_data/os/was/apache_tomcat/rocky/was_2_2_log_service_chk.md execute=True
[ERROR] WAS-APACHE-TOMCAT-ROCKY-REPLAY-006 /home/fap/git/fap-vars/inspection_cases_bundle/api_data/os/was/apache_tomcat/rocky/was_2_2_log_service_chk.md: RuntimeError: POST /data/inspection/items HTTP 404: 
[LOOKUP] WAS-APACHE-TOMCAT-ROCKY-REPLAY-007 /home/fap/git/fap-vars/inspection_cases_bundle/api_data/os/was/apache_tomcat/rocky/was_2_3_log_cli_acs_chk.md
[POST] WAS-APACHE-TOMCAT-ROCKY-REPLAY-007 /home/fap/git/fap-vars/inspection_cases_bundle/api_data/os/was/apache_tomcat/rocky/was_2_3_log_cli_acs_chk.md execute=True
[ERROR] WAS-APACHE-TOMCAT-ROCKY-REPLAY-007 /home/fap/git/fap-vars/inspection_cases_bundle/api_data/os/was/apache_tomcat/rocky/was_2_3_log_cli_acs_chk.md: RuntimeError: POST /data/inspection/items HTTP 404: 
[LOOKUP] WAS-APACHE-TOMCAT-ROCKY-REPLAY-008 /home/fap/git/fap-vars/inspection_cases_bundle/api_data/os/was/apache_tomcat/rocky/was_2_4_log_gc_chk.md
[POST] WAS-APACHE-TOMCAT-ROCKY-REPLAY-008 /home/fap/git/fap-vars/inspection_cases_bundle/api_data/os/was/apache_tomcat/rocky/was_2_4_log_gc_chk.md execute=True
[ERROR] WAS-APACHE-TOMCAT-ROCKY-REPLAY-008 /home/fap/git/fap-vars/inspection_cases_bundle/api_data/os/was/apache_tomcat/rocky/was_2_4_log_gc_chk.md: RuntimeError: POST /data/inspection/items HTTP 404: 
[LOOKUP] WAS-APACHE-TOMCAT-ROCKY-REPLAY-009 /home/fap/git/fap-vars/inspection_cases_bundle/api_data/os/was/apache_tomcat/rocky/was_2_5_log_con_pool_chk.md
[POST] WAS-APACHE-TOMCAT-ROCKY-REPLAY-009 /home/fap/git/fap-vars/inspection_cases_bundle/api_data/os/was/apache_tomcat/rocky/was_2_5_log_con_pool_chk.md execute=True
[ERROR] WAS-APACHE-TOMCAT-ROCKY-REPLAY-009 /home/fap/git/fap-vars/inspection_cases_bundle/api_data/os/was/apache_tomcat/rocky/was_2_5_log_con_pool_chk.md: RuntimeError: POST /data/inspection/items HTTP 404: 
[LOOKUP] WAS-APACHE-TOMCAT-ROCKY-REPLAY-010 /home/fap/git/fap-vars/inspection_cases_bundle/api_data/os/was/apache_tomcat/rocky/was_4_1_work_thrd_chk.md
[POST] WAS-APACHE-TOMCAT-ROCKY-REPLAY-010 /home/fap/git/fap-vars/inspection_cases_bundle/api_data/os/was/apache_tomcat/rocky/was_4_1_work_thrd_chk.md execute=True
[ERROR] WAS-APACHE-TOMCAT-ROCKY-REPLAY-010 /home/fap/git/fap-vars/inspection_cases_bundle/api_data/os/was/apache_tomcat/rocky/was_4_1_work_thrd_chk.md: RuntimeError: POST /data/inspection/items HTTP 404: 
[LOOKUP] WAS-APACHE-TOMCAT-ROCKY-REPLAY-011 /home/fap/git/fap-vars/inspection_cases_bundle/api_data/os/was/apache_tomcat/rocky/was_4_2_runnable_thrd_chk.md
[POST] WAS-APACHE-TOMCAT-ROCKY-REPLAY-011 /home/fap/git/fap-vars/inspection_cases_bundle/api_data/os/was/apache_tomcat/rocky/was_4_2_runnable_thrd_chk.md execute=True
[ERROR] WAS-APACHE-TOMCAT-ROCKY-REPLAY-011 /home/fap/git/fap-vars/inspection_cases_bundle/api_data/os/was/apache_tomcat/rocky/was_4_2_runnable_thrd_chk.md: RuntimeError: POST /data/inspection/items HTTP 404: 
[LOOKUP] WAS-APACHE-TOMCAT-ROCKY-REPLAY-012 /home/fap/git/fap-vars/inspection_cases_bundle/api_data/os/was/apache_tomcat/rocky/was_5_1_con_pool_chk.md
[POST] WAS-APACHE-TOMCAT-ROCKY-REPLAY-012 /home/fap/git/fap-vars/inspection_cases_bundle/api_data/os/was/apache_tomcat/rocky/was_5_1_con_pool_chk.md execute=True
[ERROR] WAS-APACHE-TOMCAT-ROCKY-REPLAY-012 /home/fap/git/fap-vars/inspection_cases_bundle/api_data/os/was/apache_tomcat/rocky/was_5_1_con_pool_chk.md: RuntimeError: POST /data/inspection/items HTTP 404: 
[LOOKUP] WAS-APACHE-TOMCAT-ROCKY-REPLAY-013 /home/fap/git/fap-vars/inspection_cases_bundle/api_data/os/was/apache_tomcat/rocky/was_5_2_db_con_chk.md
[POST] WAS-APACHE-TOMCAT-ROCKY-REPLAY-013 /home/fap/git/fap-vars/inspection_cases_bundle/api_data/os/was/apache_tomcat/rocky/was_5_2_db_con_chk.md execute=True
[ERROR] WAS-APACHE-TOMCAT-ROCKY-REPLAY-013 /home/fap/git/fap-vars/inspection_cases_bundle/api_data/os/was/apache_tomcat/rocky/was_5_2_db_con_chk.md: RuntimeError: POST /data/inspection/items HTTP 404: 
[LOOKUP] WAS-APACHE-TOMCAT-ROCKY-REPLAY-014 /home/fap/git/fap-vars/inspection_cases_bundle/api_data/os/was/apache_tomcat/rocky/was_6_1_dump_chk.md
[POST] WAS-APACHE-TOMCAT-ROCKY-REPLAY-014 /home/fap/git/fap-vars/inspection_cases_bundle/api_data/os/was/apache_tomcat/rocky/was_6_1_dump_chk.md execute=True
[ERROR] WAS-APACHE-TOMCAT-ROCKY-REPLAY-014 /home/fap/git/fap-vars/inspection_cases_bundle/api_data/os/was/apache_tomcat/rocky/was_6_1_dump_chk.md: RuntimeError: POST /data/inspection/items HTTP 404: 
[LOOKUP] WAS-JEUS-ROCKY-REPLAY-001 /home/fap/git/fap-vars/inspection_cases_bundle/api_data/os/was/jeus/rocky/was_1_1_ps_cpu_chk.md
[LOOKUP] application 보정: rocky -> JEUS
[POST] WAS-JEUS-ROCKY-REPLAY-001 /home/fap/git/fap-vars/inspection_cases_bundle/api_data/os/was/jeus/rocky/was_1_1_ps_cpu_chk.md execute=True
[ERROR] WAS-JEUS-ROCKY-REPLAY-001 /home/fap/git/fap-vars/inspection_cases_bundle/api_data/os/was/jeus/rocky/was_1_1_ps_cpu_chk.md: RuntimeError: POST /data/inspection/items HTTP 404: 
[LOOKUP] WAS-JEUS-ROCKY-REPLAY-002 /home/fap/git/fap-vars/inspection_cases_bundle/api_data/os/was/jeus/rocky/was_1_2_ps_mem_chk.md
[LOOKUP] application 보정: rocky -> JEUS
[POST] WAS-JEUS-ROCKY-REPLAY-002 /home/fap/git/fap-vars/inspection_cases_bundle/api_data/os/was/jeus/rocky/was_1_2_ps_mem_chk.md execute=True
[ERROR] WAS-JEUS-ROCKY-REPLAY-002 /home/fap/git/fap-vars/inspection_cases_bundle/api_data/os/was/jeus/rocky/was_1_2_ps_mem_chk.md: RuntimeError: POST /data/inspection/items HTTP 404: 
[LOOKUP] WAS-JEUS-ROCKY-REPLAY-003 /home/fap/git/fap-vars/inspection_cases_bundle/api_data/os/was/jeus/rocky/was_1_3_ps_status_chk.md
[LOOKUP] application 보정: rocky -> JEUS
[POST] WAS-JEUS-ROCKY-REPLAY-003 /home/fap/git/fap-vars/inspection_cases_bundle/api_data/os/was/jeus/rocky/was_1_3_ps_status_chk.md execute=True
[ERROR] WAS-JEUS-ROCKY-REPLAY-003 /home/fap/git/fap-vars/inspection_cases_bundle/api_data/os/was/jeus/rocky/was_1_3_ps_status_chk.md: RuntimeError: POST /data/inspection/items HTTP 404: 
[LOOKUP] WAS-JEUS-ROCKY-REPLAY-004 /home/fap/git/fap-vars/inspection_cases_bundle/api_data/os/was/jeus/rocky/was_1_4_ps_startup_chk.md
[LOOKUP] application 보정: rocky -> JEUS
[POST] WAS-JEUS-ROCKY-REPLAY-004 /home/fap/git/fap-vars/inspection_cases_bundle/api_data/os/was/jeus/rocky/was_1_4_ps_startup_chk.md execute=True
[ERROR] WAS-JEUS-ROCKY-REPLAY-004 /home/fap/git/fap-vars/inspection_cases_bundle/api_data/os/was/jeus/rocky/was_1_4_ps_startup_chk.md: RuntimeError: POST /data/inspection/items HTTP 404: 
[LOOKUP] WAS-JEUS-ROCKY-REPLAY-005 /home/fap/git/fap-vars/inspection_cases_bundle/api_data/os/was/jeus/rocky/was_2_1_log_manage_chk.md
[LOOKUP] application 보정: rocky -> JEUS
[POST] WAS-JEUS-ROCKY-REPLAY-005 /home/fap/git/fap-vars/inspection_cases_bundle/api_data/os/was/jeus/rocky/was_2_1_log_manage_chk.md execute=True
[ERROR] WAS-JEUS-ROCKY-REPLAY-005 /home/fap/git/fap-vars/inspection_cases_bundle/api_data/os/was/jeus/rocky/was_2_1_log_manage_chk.md: RuntimeError: POST /data/inspection/items HTTP 404: 
[LOOKUP] WAS-JEUS-ROCKY-REPLAY-006 /home/fap/git/fap-vars/inspection_cases_bundle/api_data/os/was/jeus/rocky/was_2_2_log_service_chk.md
[LOOKUP] application 보정: rocky -> JEUS
[POST] WAS-JEUS-ROCKY-REPLAY-006 /home/fap/git/fap-vars/inspection_cases_bundle/api_data/os/was/jeus/rocky/was_2_2_log_service_chk.md execute=True
[ERROR] WAS-JEUS-ROCKY-REPLAY-006 /home/fap/git/fap-vars/inspection_cases_bundle/api_data/os/was/jeus/rocky/was_2_2_log_service_chk.md: RuntimeError: POST /data/inspection/items HTTP 404: 
[LOOKUP] WAS-JEUS-ROCKY-REPLAY-007 /home/fap/git/fap-vars/inspection_cases_bundle/api_data/os/was/jeus/rocky/was_2_3_log_cli_acs_chk.md
[LOOKUP] application 보정: rocky -> JEUS
[POST] WAS-JEUS-ROCKY-REPLAY-007 /home/fap/git/fap-vars/inspection_cases_bundle/api_data/os/was/jeus/rocky/was_2_3_log_cli_acs_chk.md execute=True
[ERROR] WAS-JEUS-ROCKY-REPLAY-007 /home/fap/git/fap-vars/inspection_cases_bundle/api_data/os/was/jeus/rocky/was_2_3_log_cli_acs_chk.md: RuntimeError: POST /data/inspection/items HTTP 404: 
[LOOKUP] WAS-JEUS-ROCKY-REPLAY-008 /home/fap/git/fap-vars/inspection_cases_bundle/api_data/os/was/jeus/rocky/was_2_4_log_gc_chk.md
[LOOKUP] application 보정: rocky -> JEUS
[POST] WAS-JEUS-ROCKY-REPLAY-008 /home/fap/git/fap-vars/inspection_cases_bundle/api_data/os/was/jeus/rocky/was_2_4_log_gc_chk.md execute=True
[ERROR] WAS-JEUS-ROCKY-REPLAY-008 /home/fap/git/fap-vars/inspection_cases_bundle/api_data/os/was/jeus/rocky/was_2_4_log_gc_chk.md: RuntimeError: POST /data/inspection/items HTTP 404: 
[LOOKUP] WAS-JEUS-ROCKY-REPLAY-009 /home/fap/git/fap-vars/inspection_cases_bundle/api_data/os/was/jeus/rocky/was_2_5_log_con_pool_chk.md
[LOOKUP] application 보정: rocky -> JEUS
[POST] WAS-JEUS-ROCKY-REPLAY-009 /home/fap/git/fap-vars/inspection_cases_bundle/api_data/os/was/jeus/rocky/was_2_5_log_con_pool_chk.md execute=True
[ERROR] WAS-JEUS-ROCKY-REPLAY-009 /home/fap/git/fap-vars/inspection_cases_bundle/api_data/os/was/jeus/rocky/was_2_5_log_con_pool_chk.md: RuntimeError: POST /data/inspection/items HTTP 404: 
[LOOKUP] WAS-JEUS-ROCKY-REPLAY-010 /home/fap/git/fap-vars/inspection_cases_bundle/api_data/os/was/jeus/rocky/was_3_1_jvm_heap_chk.md
[LOOKUP] application 보정: rocky -> JEUS
[POST] WAS-JEUS-ROCKY-REPLAY-010 /home/fap/git/fap-vars/inspection_cases_bundle/api_data/os/was/jeus/rocky/was_3_1_jvm_heap_chk.md execute=True
[ERROR] WAS-JEUS-ROCKY-REPLAY-010 /home/fap/git/fap-vars/inspection_cases_bundle/api_data/os/was/jeus/rocky/was_3_1_jvm_heap_chk.md: RuntimeError: POST /data/inspection/items HTTP 404: 
[LOOKUP] WAS-JEUS-ROCKY-REPLAY-011 /home/fap/git/fap-vars/inspection_cases_bundle/api_data/os/was/jeus/rocky/was_4_1_work_thrd_chk.md
[LOOKUP] application 보정: rocky -> JEUS
[POST] WAS-JEUS-ROCKY-REPLAY-011 /home/fap/git/fap-vars/inspection_cases_bundle/api_data/os/was/jeus/rocky/was_4_1_work_thrd_chk.md execute=True
[ERROR] WAS-JEUS-ROCKY-REPLAY-011 /home/fap/git/fap-vars/inspection_cases_bundle/api_data/os/was/jeus/rocky/was_4_1_work_thrd_chk.md: RuntimeError: POST /data/inspection/items HTTP 404: 
[LOOKUP] WAS-JEUS-ROCKY-REPLAY-012 /home/fap/git/fap-vars/inspection_cases_bundle/api_data/os/was/jeus/rocky/was_4_2_runnable_thrd_chk.md
[LOOKUP] application 보정: rocky -> JEUS
[POST] WAS-JEUS-ROCKY-REPLAY-012 /home/fap/git/fap-vars/inspection_cases_bundle/api_data/os/was/jeus/rocky/was_4_2_runnable_thrd_chk.md execute=True
[ERROR] WAS-JEUS-ROCKY-REPLAY-012 /home/fap/git/fap-vars/inspection_cases_bundle/api_data/os/was/jeus/rocky/was_4_2_runnable_thrd_chk.md: RuntimeError: POST /data/inspection/items HTTP 404: 
[LOOKUP] WAS-JEUS-ROCKY-REPLAY-013 /home/fap/git/fap-vars/inspection_cases_bundle/api_data/os/was/jeus/rocky/was_5_1_con_pool_chk.md
[LOOKUP] application 보정: rocky -> JEUS
[POST] WAS-JEUS-ROCKY-REPLAY-013 /home/fap/git/fap-vars/inspection_cases_bundle/api_data/os/was/jeus/rocky/was_5_1_con_pool_chk.md execute=True
[ERROR] WAS-JEUS-ROCKY-REPLAY-013 /home/fap/git/fap-vars/inspection_cases_bundle/api_data/os/was/jeus/rocky/was_5_1_con_pool_chk.md: RuntimeError: POST /data/inspection/items HTTP 404: 
[LOOKUP] WAS-JEUS-ROCKY-REPLAY-014 /home/fap/git/fap-vars/inspection_cases_bundle/api_data/os/was/jeus/rocky/was_5_2_db_con_chk.md
[LOOKUP] application 보정: rocky -> JEUS
[POST] WAS-JEUS-ROCKY-REPLAY-014 /home/fap/git/fap-vars/inspection_cases_bundle/api_data/os/was/jeus/rocky/was_5_2_db_con_chk.md execute=True
[ERROR] WAS-JEUS-ROCKY-REPLAY-014 /home/fap/git/fap-vars/inspection_cases_bundle/api_data/os/was/jeus/rocky/was_5_2_db_con_chk.md: RuntimeError: POST /data/inspection/items HTTP 404: 
[LOOKUP] WAS-JEUS-ROCKY-REPLAY-015 /home/fap/git/fap-vars/inspection_cases_bundle/api_data/os/was/jeus/rocky/was_6_1_dump_chk.md
[LOOKUP] application 보정: rocky -> JEUS
[POST] WAS-JEUS-ROCKY-REPLAY-015 /home/fap/git/fap-vars/inspection_cases_bundle/api_data/os/was/jeus/rocky/was_6_1_dump_chk.md execute=True
[ERROR] WAS-JEUS-ROCKY-REPLAY-015 /home/fap/git/fap-vars/inspection_cases_bundle/api_data/os/was/jeus/rocky/was_6_1_dump_chk.md: RuntimeError: POST /data/inspection/items HTTP 404: 
[LOOKUP] WAS-JEUS-ROCKY-REPLAY-016 /home/fap/git/fap-vars/inspection_cases_bundle/api_data/os/was/jeus/rocky/was_7_1_deploy_status_chk.md
[LOOKUP] application 보정: rocky -> JEUS
[POST] WAS-JEUS-ROCKY-REPLAY-016 /home/fap/git/fap-vars/inspection_cases_bundle/api_data/os/was/jeus/rocky/was_7_1_deploy_status_chk.md execute=True
[ERROR] WAS-JEUS-ROCKY-REPLAY-016 /home/fap/git/fap-vars/inspection_cases_bundle/api_data/os/was/jeus/rocky/was_7_1_deploy_status_chk.md: RuntimeError: POST /data/inspection/items HTTP 404: 
[LOOKUP] WAS-JEUS-ROCKY-REPLAY-017 /home/fap/git/fap-vars/inspection_cases_bundle/api_data/os/was/jeus/rocky/was_8_1_thrd_pool_status_chk.md
[LOOKUP] application 보정: rocky -> JEUS
[POST] WAS-JEUS-ROCKY-REPLAY-017 /home/fap/git/fap-vars/inspection_cases_bundle/api_data/os/was/jeus/rocky/was_8_1_thrd_pool_status_chk.md execute=True
[ERROR] WAS-JEUS-ROCKY-REPLAY-017 /home/fap/git/fap-vars/inspection_cases_bundle/api_data/os/was/jeus/rocky/was_8_1_thrd_pool_status_chk.md: RuntimeError: POST /data/inspection/items HTTP 404: 
[LOOKUP] WAS-JEUS-ROCKY-REPLAY-018 /home/fap/git/fap-vars/inspection_cases_bundle/api_data/os/was/jeus/rocky/was_9_1_start_script_chk.md
[LOOKUP] application 보정: rocky -> JEUS
[POST] WAS-JEUS-ROCKY-REPLAY-018 /home/fap/git/fap-vars/inspection_cases_bundle/api_data/os/was/jeus/rocky/was_9_1_start_script_chk.md execute=True
[ERROR] WAS-JEUS-ROCKY-REPLAY-018 /home/fap/git/fap-vars/inspection_cases_bundle/api_data/os/was/jeus/rocky/was_9_1_start_script_chk.md: RuntimeError: POST /data/inspection/items HTTP 404: 
[LOOKUP] WEBTOB-ROCKY-REPLAY-010 /home/fap/git/fap-vars/inspection_cases_bundle/api_data/os/web/webtob/rocky/webtob_config_web_was_connection_webtob_ctl_status_check.md
[POST] WEBTOB-ROCKY-REPLAY-010 /home/fap/git/fap-vars/inspection_cases_bundle/api_data/os/web/webtob/rocky/webtob_config_web_was_connection_webtob_ctl_status_check.md execute=True
[ERROR] WEBTOB-ROCKY-REPLAY-010 /home/fap/git/fap-vars/inspection_cases_bundle/api_data/os/web/webtob/rocky/webtob_config_web_was_connection_webtob_ctl_status_check.md: RuntimeError: POST /data/inspection/items HTTP 404: 
[LOOKUP] WEBTOB-ROCKY-REPLAY-002 /home/fap/git/fap-vars/inspection_cases_bundle/api_data/os/web/webtob/rocky/webtob_filesystem_web_application_filesystem_df_h_check.md
[POST] WEBTOB-ROCKY-REPLAY-002 /home/fap/git/fap-vars/inspection_cases_bundle/api_data/os/web/webtob/rocky/webtob_filesystem_web_application_filesystem_df_h_check.md execute=True
[ERROR] WEBTOB-ROCKY-REPLAY-002 /home/fap/git/fap-vars/inspection_cases_bundle/api_data/os/web/webtob/rocky/webtob_filesystem_web_application_filesystem_df_h_check.md: RuntimeError: POST /data/inspection/items HTTP 404: 
[LOOKUP] WEBTOB-ROCKY-REPLAY-001 /home/fap/git/fap-vars/inspection_cases_bundle/api_data/os/web/webtob/rocky/webtob_filesystem_web_engine_filesystem_df_h_check.md
[POST] WEBTOB-ROCKY-REPLAY-001 /home/fap/git/fap-vars/inspection_cases_bundle/api_data/os/web/webtob/rocky/webtob_filesystem_web_engine_filesystem_df_h_check.md execute=True
[ERROR] WEBTOB-ROCKY-REPLAY-001 /home/fap/git/fap-vars/inspection_cases_bundle/api_data/os/web/webtob/rocky/webtob_filesystem_web_engine_filesystem_df_h_check.md: RuntimeError: POST /data/inspection/items HTTP 404: 
[LOOKUP] WEBTOB-ROCKY-REPLAY-003 /home/fap/git/fap-vars/inspection_cases_bundle/api_data/os/web/webtob/rocky/webtob_filesystem_web_log_filesystem_df_h_check.md
[POST] WEBTOB-ROCKY-REPLAY-003 /home/fap/git/fap-vars/inspection_cases_bundle/api_data/os/web/webtob/rocky/webtob_filesystem_web_log_filesystem_df_h_check.md execute=True
[ERROR] WEBTOB-ROCKY-REPLAY-003 /home/fap/git/fap-vars/inspection_cases_bundle/api_data/os/web/webtob/rocky/webtob_filesystem_web_log_filesystem_df_h_check.md: RuntimeError: POST /data/inspection/items HTTP 404: 
[LOOKUP] WEBTOB-ROCKY-REPLAY-012 /home/fap/git/fap-vars/inspection_cases_bundle/api_data/os/web/webtob/rocky/webtob_log_access_log_awk_status_200_check.md
[POST] WEBTOB-ROCKY-REPLAY-012 /home/fap/git/fap-vars/inspection_cases_bundle/api_data/os/web/webtob/rocky/webtob_log_access_log_awk_status_200_check.md execute=True
[ERROR] WEBTOB-ROCKY-REPLAY-012 /home/fap/git/fap-vars/inspection_cases_bundle/api_data/os/web/webtob/rocky/webtob_log_access_log_awk_status_200_check.md: RuntimeError: POST /data/inspection/items HTTP 404: 
[LOOKUP] WEBTOB-ROCKY-REPLAY-015 /home/fap/git/fap-vars/inspection_cases_bundle/api_data/os/web/webtob/rocky/webtob_log_error_log_grep_error_check.md
[POST] WEBTOB-ROCKY-REPLAY-015 /home/fap/git/fap-vars/inspection_cases_bundle/api_data/os/web/webtob/rocky/webtob_log_error_log_grep_error_check.md execute=True
[ERROR] WEBTOB-ROCKY-REPLAY-015 /home/fap/git/fap-vars/inspection_cases_bundle/api_data/os/web/webtob/rocky/webtob_log_error_log_grep_error_check.md: RuntimeError: POST /data/inspection/items HTTP 404: 
[LOOKUP] WEBTOB-ROCKY-REPLAY-013 /home/fap/git/fap-vars/inspection_cases_bundle/api_data/os/web/webtob/rocky/webtob_log_request_document_unavailable_awk_status_404_check.md
[POST] WEBTOB-ROCKY-REPLAY-013 /home/fap/git/fap-vars/inspection_cases_bundle/api_data/os/web/webtob/rocky/webtob_log_request_document_unavailable_awk_status_404_check.md execute=True
[ERROR] WEBTOB-ROCKY-REPLAY-013 /home/fap/git/fap-vars/inspection_cases_bundle/api_data/os/web/webtob/rocky/webtob_log_request_document_unavailable_awk_status_404_check.md: RuntimeError: POST /data/inspection/items HTTP 404: 
[LOOKUP] WEBTOB-ROCKY-REPLAY-017 /home/fap/git/fap-vars/inspection_cases_bundle/api_data/os/web/webtob/rocky/webtob_log_service_temporarily_unavailable_grep_status_503_check.md
[POST] WEBTOB-ROCKY-REPLAY-017 /home/fap/git/fap-vars/inspection_cases_bundle/api_data/os/web/webtob/rocky/webtob_log_service_temporarily_unavailable_grep_status_503_check.md execute=True
[ERROR] WEBTOB-ROCKY-REPLAY-017 /home/fap/git/fap-vars/inspection_cases_bundle/api_data/os/web/webtob/rocky/webtob_log_service_temporarily_unavailable_grep_status_503_check.md: RuntimeError: POST /data/inspection/items HTTP 404: 
[LOOKUP] WEBTOB-ROCKY-REPLAY-014 /home/fap/git/fap-vars/inspection_cases_bundle/api_data/os/web/webtob/rocky/webtob_log_was_response_time_awk_response_time_check.md
[POST] WEBTOB-ROCKY-REPLAY-014 /home/fap/git/fap-vars/inspection_cases_bundle/api_data/os/web/webtob/rocky/webtob_log_was_response_time_awk_response_time_check.md execute=True
[ERROR] WEBTOB-ROCKY-REPLAY-014 /home/fap/git/fap-vars/inspection_cases_bundle/api_data/os/web/webtob/rocky/webtob_log_was_response_time_awk_response_time_check.md: RuntimeError: POST /data/inspection/items HTTP 404: 
[LOOKUP] WEBTOB-ROCKY-REPLAY-016 /home/fap/git/fap-vars/inspection_cases_bundle/api_data/os/web/webtob/rocky/webtob_log_web_service_unavailable_grep_status_500_check.md
[POST] WEBTOB-ROCKY-REPLAY-016 /home/fap/git/fap-vars/inspection_cases_bundle/api_data/os/web/webtob/rocky/webtob_log_web_service_unavailable_grep_status_500_check.md execute=True
[ERROR] WEBTOB-ROCKY-REPLAY-016 /home/fap/git/fap-vars/inspection_cases_bundle/api_data/os/web/webtob/rocky/webtob_log_web_service_unavailable_grep_status_500_check.md: RuntimeError: POST /data/inspection/items HTTP 404: 
[LOOKUP] WEBTOB-ROCKY-REPLAY-004 /home/fap/git/fap-vars/inspection_cases_bundle/api_data/os/web/webtob/rocky/webtob_process_cpu_usage_top_grep_check.md
[POST] WEBTOB-ROCKY-REPLAY-004 /home/fap/git/fap-vars/inspection_cases_bundle/api_data/os/web/webtob/rocky/webtob_process_cpu_usage_top_grep_check.md execute=True
[ERROR] WEBTOB-ROCKY-REPLAY-004 /home/fap/git/fap-vars/inspection_cases_bundle/api_data/os/web/webtob/rocky/webtob_process_cpu_usage_top_grep_check.md: RuntimeError: POST /data/inspection/items HTTP 404: 
[LOOKUP] WEBTOB-ROCKY-REPLAY-005 /home/fap/git/fap-vars/inspection_cases_bundle/api_data/os/web/webtob/rocky/webtob_process_memory_usage_top_grep_check.md
[POST] WEBTOB-ROCKY-REPLAY-005 /home/fap/git/fap-vars/inspection_cases_bundle/api_data/os/web/webtob/rocky/webtob_process_memory_usage_top_grep_check.md execute=True
[ERROR] WEBTOB-ROCKY-REPLAY-005 /home/fap/git/fap-vars/inspection_cases_bundle/api_data/os/web/webtob/rocky/webtob_process_memory_usage_top_grep_check.md: RuntimeError: POST /data/inspection/items HTTP 404: 
[LOOKUP] WEBTOB-ROCKY-REPLAY-007 /home/fap/git/fap-vars/inspection_cases_bundle/api_data/os/web/webtob/rocky/webtob_process_startup_ps_aux_grep_check.md
[POST] WEBTOB-ROCKY-REPLAY-007 /home/fap/git/fap-vars/inspection_cases_bundle/api_data/os/web/webtob/rocky/webtob_process_startup_ps_aux_grep_check.md execute=True
[ERROR] WEBTOB-ROCKY-REPLAY-007 /home/fap/git/fap-vars/inspection_cases_bundle/api_data/os/web/webtob/rocky/webtob_process_startup_ps_aux_grep_check.md: RuntimeError: POST /data/inspection/items HTTP 404: 
[LOOKUP] WEBTOB-ROCKY-REPLAY-006 /home/fap/git/fap-vars/inspection_cases_bundle/api_data/os/web/webtob/rocky/webtob_process_status_top_grep_check.md
[POST] WEBTOB-ROCKY-REPLAY-006 /home/fap/git/fap-vars/inspection_cases_bundle/api_data/os/web/webtob/rocky/webtob_process_status_top_grep_check.md execute=True
[ERROR] WEBTOB-ROCKY-REPLAY-006 /home/fap/git/fap-vars/inspection_cases_bundle/api_data/os/web/webtob/rocky/webtob_process_status_top_grep_check.md: RuntimeError: POST /data/inspection/items HTTP 404: 
[LOOKUP] WEBTOB-ROCKY-REPLAY-009 /home/fap/git/fap-vars/inspection_cases_bundle/api_data/os/web/webtob/rocky/webtob_service_port_connection_telnet_check.md
[POST] WEBTOB-ROCKY-REPLAY-009 /home/fap/git/fap-vars/inspection_cases_bundle/api_data/os/web/webtob/rocky/webtob_service_port_connection_telnet_check.md execute=True
[ERROR] WEBTOB-ROCKY-REPLAY-009 /home/fap/git/fap-vars/inspection_cases_bundle/api_data/os/web/webtob/rocky/webtob_service_port_connection_telnet_check.md: RuntimeError: POST /data/inspection/items HTTP 404: 
[LOOKUP] WEBTOB-ROCKY-REPLAY-008 /home/fap/git/fap-vars/inspection_cases_bundle/api_data/os/web/webtob/rocky/webtob_service_port_open_netstat_grep_check.md
[POST] WEBTOB-ROCKY-REPLAY-008 /home/fap/git/fap-vars/inspection_cases_bundle/api_data/os/web/webtob/rocky/webtob_service_port_open_netstat_grep_check.md execute=True
[ERROR] WEBTOB-ROCKY-REPLAY-008 /home/fap/git/fap-vars/inspection_cases_bundle/api_data/os/web/webtob/rocky/webtob_service_port_open_netstat_grep_check.md: RuntimeError: POST /data/inspection/items HTTP 404: 
[LOOKUP] WEBTOB-ROCKY-REPLAY-011 /home/fap/git/fap-vars/inspection_cases_bundle/api_data/os/web/webtob/rocky/webtob_service_request_count_webtob_ctl_status_check.md
[POST] WEBTOB-ROCKY-REPLAY-011 /home/fap/git/fap-vars/inspection_cases_bundle/api_data/os/web/webtob/rocky/webtob_service_request_count_webtob_ctl_status_check.md execute=True
[ERROR] WEBTOB-ROCKY-REPLAY-011 /home/fap/git/fap-vars/inspection_cases_bundle/api_data/os/web/webtob/rocky/webtob_service_request_count_webtob_ctl_status_check.md: RuntimeError: POST /data/inspection/items HTTP 404: 
[SUMMARY] {"total": 278, "selected": 278, "created_or_ready": 45, "skipped_existing": 48, "skipped_by_code": 0, "failed": 185}
[LOG_JSON] /home/fap/git/fap-vars/inspection_cases_bundle/api_data/os/_logs/inspection_create_20260615_094218.json
[FAILED_ITEMS] [{"path": "/home/fap/git/fap-vars/inspection_cases_bundle/api_data/os/backup/veritas/netbackup_appliance_5240/1_1_catalog.md", "code": "BACKUP-VERITAS-NBU5240-REPLAY-001", "error_type": "RuntimeError", "error": "POST /data/inspection/items HTTP 404: "}, {"path": "/home/fap/git/fap-vars/inspection_cases_bundle/api_data/os/backup/veritas/netbackup_appliance_5240/1_2_swlog.md", "code": "BACKUP-VERITAS-NBU5240-REPLAY-002", "error_type": "RuntimeError", "error": "POST /data/inspection/items HTTP 404: "}, {"path": "/home/fap/git/fap-vars/inspection_cases_bundle/api_data/os/backup/veritas/netbackup_appliance_5240/2_1_tape_status.md", "code": "BACKUP-VERITAS-NBU5240-REPLAY-003", "error_type": "RuntimeError", "error": "POST /data/inspection/items HTTP 404: "}, {"path": "/home/fap/git/fap-vars/inspection_cases_bundle/api_data/os/backup/veritas/netbackup_appliance_5240/2_2_tape_active.md", "code": "BACKUP-VERITAS-NBU5240-REPLAY-004", "error_type": "RuntimeError", "error": "POST /data/inspection/items HTTP 404: "}, {"path": "/home/fap/git/fap-vars/inspection_cases_bundle/api_data/os/backup/veritas/netbackup_appliance_5240/2_3_tape_used.md", "code": "BACKUP-VERITAS-NBU5240-REPLAY-005", "error_type": "RuntimeError", "error": "POST /data/inspection/items HTTP 404: "}, {"path": "/home/fap/git/fap-vars/inspection_cases_bundle/api_data/os/backup/veritas/netbackup_appliance_5240/2_4_disk.md", "code": "BACKUP-VERITAS-NBU5240-REPLAY-006", "error_type": "RuntimeError", "error": "POST /data/inspection/items HTTP 404: "}, {"path": "/home/fap/git/fap-vars/inspection_cases_bundle/api_data/os/backup/veritas/netbackup_appliance_5240/2_5_schedule.md", "code": "BACKUP-VERITAS-NBU5240-REPLAY-007", "error_type": "RuntimeError", "error": "POST /data/inspection/items HTTP 404: "}, {"path": "/home/fap/git/fap-vars/inspection_cases_bundle/api_data/os/backup/veritas/netbackup_appliance_5240/2_6_etc.md", "code": "BACKUP-VERITAS-NBU5240-REPLAY-008", "error_type": "RuntimeError", "error": "POST /data/inspection/items HTTP 404: "}, {"path": "/home/fap/git/fap-vars/inspection_cases_bundle/api_data/os/backup/veritas/netbackup_appliance_5240/3_1_disk_port.md", "code": "BACKUP-VERITAS-NBU5240-REPLAY-009", "error_type": "RuntimeError", "error": "POST /data/inspection/items HTTP 404: "}, {"path": "/home/fap/git/fap-vars/inspection_cases_bundle/api_data/os/backup/veritas/netbackup_appliance_5240/4_1_swstatus.md", "code": "BACKUP-VERITAS-NBU5240-REPLAY-010", "error_type": "RuntimeError", "error": "POST /data/inspection/items HTTP 404: "}, {"path": "/home/fap/git/fap-vars/inspection_cases_bundle/api_data/os/dbms/oracle/rocky/db_1_1_fs_engine_chk.md", "code": "DBMS-ORACLE-ROCKY-DB-1-1-FS-ENGINE", "error_type": "RuntimeError", "error": "POST /data/inspection/items HTTP 404: "}, {"path": "/home/fap/git/fap-vars/inspection_cases_bundle/api_data/os/dbms/oracle/rocky/db_1_2_fs_archive_log_chk.md", "code": "DBMS-ORACLE-ROCKY-DB-1-2-FS-ARCHIVE-LOG", "error_type": "RuntimeError", "error": "POST /data/inspection/items HTTP 404: "}, {"path": "/home/fap/git/fap-vars/inspection_cases_bundle/api_data/os/dbms/oracle/rocky/db_1_3_fs_db_sys_log_chk.md", "code": "DBMS-ORACLE-ROCKY-DB-1-3-FS-DB-SYSTEM-LOG", "error_type": "RuntimeError", "error": "POST /data/inspection/items HTTP 404: "}, {"path": "/home/fap/git/fap-vars/inspection_cases_bundle/api_data/os/dbms/oracle/rocky/db_2_3_ps_db_sys_status_chk.md", "code": "DBMS-ORACLE-ROCKY-DB-2-3-DB-ACCESS", "error_type": "RuntimeError", "error": "POST /data/inspection/items HTTP 404: "}, {"path": "/home/fap/git/fap-vars/inspection_cases_bundle/api_data/os/dbms/oracle/rocky/db_3_1_os_mem_chk.md", "code": "DBMS-ORACLE-ROCKY-DB-3-1-OS-MEMORY", "error_type": "RuntimeError", "error": "POST /data/inspection/items HTTP 404: "}, {"path": "/home/fap/git/fap-vars/inspection_cases_bundle/api_data/os/dbms/oracle/rocky/db_3_2_os_cpu_chk.md", "code": "DBMS-ORACLE-ROCKY-DB-3-2-OS-CPU", "error_type": "RuntimeError", "error": "POST /data/inspection/items HTTP 404: "}, {"path": "/home/fap/git/fap-vars/inspection_cases_bundle/api_data/os/dbms/oracle/rocky/db_4_1_log_db_chk.md", "code": "DBMS-ORACLE-ROCKY-DB-4-1-DB-LOG", "error_type": "RuntimeError", "error": "POST /data/inspection/items HTTP 404: "}, {"path": "/home/fap/git/fap-vars/inspection_cases_bundle/api_data/os/dbms/oracle/rocky/db_4_2_log_lsnr_chk.md", "code": "DBMS-ORACLE-ROCKY-DB-4-2-LISTENER-LOG", "error_type": "RuntimeError", "error": "POST /data/inspection/items HTTP 404: "}, {"path": "/home/fap/git/fap-vars/inspection_cases_bundle/api_data/os/dbms/oracle/rocky/db_4_3_log_dump_chk.md", "code": "DBMS-ORACLE-ROCKY-DB-4-3-DUMP-LOG", "error_type": "RuntimeError", "error": "POST /data/inspection/items HTTP 404: "}, {"path": "/home/fap/git/fap-vars/inspection_cases_bundle/api_data/os/dbms/oracle/rocky/db_4_4_log_engine_chk.md", "code": "DBMS-ORACLE-ROCKY-DB-4-4-ENGINE-LOG", "error_type": "RuntimeError", "error": "POST /data/inspection/items HTTP 404: "}, {"path": "/home/fap/git/fap-vars/inspection_cases_bundle/api_data/os/dbms/oracle/rocky/db_5_1_param_ps_chk.md", "code": "DBMS-ORACLE-ROCKY-DB-5-1-PROCESSES", "error_type": "RuntimeError", "error": "POST /data/inspection/items HTTP 404: "}, {"path": "/home/fap/git/fap-vars/inspection_cases_bundle/api_data/os/dbms/oracle/rocky/db_7_1_table_space_chk.md", "code": "DBMS-ORACLE-ROCKY-DB-7-1-TABLESPACE", "error_type": "RuntimeError", "error": "POST /data/inspection/items HTTP 404: "}, {"path": "/home/fap/git/fap-vars/inspection_cases_bundle/api_data/os/dbms/oracle/rocky/db_8_1_backup_status_chk.md", "code": "DBMS-ORACLE-ROCKY-DB-8-1-RMAN-BACKUP", "error_type": "RuntimeError", "error": "POST /data/inspection/items HTTP 404: "}, {"path": "/home/fap/git/fap-vars/inspection_cases_bundle/api_data/os/dbms/oracle/rocky/db_9_1_transaction_log_chk.md", "code": "DBMS-ORACLE-ROCKY-DB-9-1-REDO-LOG", "error_type": "RuntimeError", "error": "POST /data/inspection/items HTTP 404: "}, {"path": "/home/fap/git/fap-vars/inspection_cases_bundle/api_data/os/dbms/oracle/solaris/db_1_1_fs_engine_chk.md", "code": "DBMS-ORACLE-SOLARIS-REPLAY-001", "error_type": "RuntimeError", "error": "POST /data/inspection/items HTTP 404: "}, {"path": "/home/fap/git/fap-vars/inspection_cases_bundle/api_data/os/dbms/oracle/solaris/db_1_2_fs_archive_log_chk.md", "code": "DBMS-ORACLE-SOLARIS-REPLAY-002", "error_type": "RuntimeError", "error": "POST /data/inspection/items HTTP 404: "}, {"path": "/home/fap/git/fap-vars/inspection_cases_bundle/api_data/os/dbms/oracle/solaris/db_1_3_fs_db_sys_log_chk.md", "code": "DBMS-ORACLE-SOLARIS-REPLAY-003", "error_type": "RuntimeError", "error": "POST /data/inspection/items HTTP 404: "}, {"path": "/home/fap/git/fap-vars/inspection_cases_bundle/api_data/os/dbms/oracle/solaris/db_2_1_ps_main_status_chk.md", "code": "DBMS-ORACLE-SOLARIS-REPLAY-004", "error_type": "RuntimeError", "error": "POST /data/inspection/items HTTP 404: "}, {"path": "/home/fap/git/fap-vars/inspection_cases_bundle/api_data/os/dbms/oracle/solaris/db_2_2_ps_lsnr_status_chk.md", "code": "DBMS-ORACLE-SOLARIS-REPLAY-005", "error_type": "RuntimeError", "error": "POST /data/inspection/items HTTP 404: "}, {"path": "/home/fap/git/fap-vars/inspection_cases_bundle/api_data/os/dbms/oracle/solaris/db_2_3_ps_db_sys_status_chk.md", "code": "DBMS-ORACLE-SOLARIS-REPLAY-006", "error_type": "RuntimeError", "error": "POST /data/inspection/items HTTP 404: "}, {"path": "/home/fap/git/fap-vars/inspection_cases_bundle/api_data/os/dbms/oracle/solaris/db_3_1_os_mem_chk.md", "code": "DBMS-ORACLE-SOLARIS-REPLAY-007", "error_type": "RuntimeError", "error": "POST /data/inspection/items HTTP 404: "}, {"path": "/home/fap/git/fap-vars/inspection_cases_bundle/api_data/os/dbms/oracle/solaris/db_3_2_os_cpu_chk.md", "code": "DBMS-ORACLE-SOLARIS-REPLAY-008", "error_type": "RuntimeError", "error": "POST /data/inspection/items HTTP 404: "}, {"path": "/home/fap/git/fap-vars/inspection_cases_bundle/api_data/os/dbms/oracle/solaris/db_4_1_log_db_chk.md", "code": "DBMS-ORACLE-SOLARIS-REPLAY-009", "error_type": "RuntimeError", "error": "POST /data/inspection/items HTTP 404: "}, {"path": "/home/fap/git/fap-vars/inspection_cases_bundle/api_data/os/dbms/oracle/solaris/db_4_2_log_lsnr_chk.md", "code": "DBMS-ORACLE-SOLARIS-REPLAY-010", "error_type": "RuntimeError", "error": "POST /data/inspection/items HTTP 404: "}, {"path": "/home/fap/git/fap-vars/inspection_cases_bundle/api_data/os/dbms/oracle/solaris/db_4_3_log_dump_chk.md", "code": "DBMS-ORACLE-SOLARIS-REPLAY-011", "error_type": "RuntimeError", "error": "POST /data/inspection/items HTTP 404: "}, {"path": "/home/fap/git/fap-vars/inspection_cases_bundle/api_data/os/dbms/oracle/solaris/db_4_4_log_engine_chk.md", "code": "DBMS-ORACLE-SOLARIS-REPLAY-012", "error_type": "RuntimeError", "error": "POST /data/inspection/items HTTP 404: "}, {"path": "/home/fap/git/fap-vars/inspection_cases_bundle/api_data/os/dbms/oracle/solaris/db_5_1_param_ps_chk.md", "code": "DBMS-ORACLE-SOLARIS-REPLAY-013", "error_type": "RuntimeError", "error": "POST /data/inspection/items HTTP 404: "}, {"path": "/home/fap/git/fap-vars/inspection_cases_bundle/api_data/os/dbms/oracle/solaris/db_5_2_param_sga_chk.md", "code": "DBMS-ORACLE-SOLARIS-REPLAY-014", "error_type": "RuntimeError", "error": "POST /data/inspection/items HTTP 404: "}, {"path": "/home/fap/git/fap-vars/inspection_cases_bundle/api_data/os/dbms/oracle/solaris/db_6_1_active_standby_chk.md", "code": "DBMS-ORACLE-SOLARIS-REPLAY-015", "error_type": "RuntimeError", "error": "POST /data/inspection/items HTTP 404: "}, {"path": "/home/fap/git/fap-vars/inspection_cases_bundle/api_data/os/dbms/oracle/solaris/db_6_2_ctrl_file_chk.md", "code": "DBMS-ORACLE-SOLARIS-REPLAY-016", "error_type": "RuntimeError", "error": "POST /data/inspection/items HTTP 404: "}, {"path": "/home/fap/git/fap-vars/inspection_cases_bundle/api_data/os/dbms/oracle/solaris/db_6_3_redo_file_chk.md", "code": "DBMS-ORACLE-SOLARIS-REPLAY-017", "error_type": "RuntimeError", "error": "POST /data/inspection/items HTTP 404: "}, {"path": "/home/fap/git/fap-vars/inspection_cases_bundle/api_data/os/dbms/oracle/solaris/db_7_1_table_space_chk.md", "code": "DBMS-ORACLE-SOLARIS-REPLAY-018", "error_type": "RuntimeError", "error": "POST /data/inspection/items HTTP 404: "}, {"path": "/home/fap/git/fap-vars/inspection_cases_bundle/api_data/os/dbms/oracle/solaris/db_8_1_backup_status_chk.md", "code": "DBMS-ORACLE-SOLARIS-REPLAY-019", "error_type": "RuntimeError", "error": "POST /data/inspection/items HTTP 404: "}, {"path": "/home/fap/git/fap-vars/inspection_cases_bundle/api_data/os/dbms/oracle/solaris/db_8_2_backup_archive_status_chk.md", "code": "DBMS-ORACLE-SOLARIS-REPLAY-020", "error_type": "RuntimeError", "error": "POST /data/inspection/items HTTP 404: "}, {"path": "/home/fap/git/fap-vars/inspection_cases_bundle/api_data/os/dbms/oracle/solaris/db_8_3_backup_config_chk.md", "code": "DBMS-ORACLE-SOLARIS-REPLAY-021", "error_type": "RuntimeError", "error": "POST /data/inspection/items HTTP 404: "}, {"path": "/home/fap/git/fap-vars/inspection_cases_bundle/api_data/os/dbms/oracle/solaris/db_9_1_transaction_log_chk.md", "code": "DBMS-ORACLE-SOLARIS-REPLAY-022", "error_type": "RuntimeError", "error": "POST /data/inspection/items HTTP 404: "}, {"path": "/home/fap/git/fap-vars/inspection_cases_bundle/api_data/os/network/cisco_ios/c2960x/cisco_1_1_os_cpu_chk.md", "code": "NETWORK-CISCO-IOS-C2960X-CPU-01", "error_type": "RuntimeError", "error": "POST /data/inspection/items HTTP 404: "}, {"path": "/home/fap/git/fap-vars/inspection_cases_bundle/api_data/os/network/cisco_ios/c2960x/cisco_1_2_os_mem_chk.md", "code": "NETWORK-CISCO-IOS-C2960X-MEMORY-01", "error_type": "RuntimeError", "error": "POST /data/inspection/items HTTP 404: "}, {"path": "/home/fap/git/fap-vars/inspection_cases_bundle/api_data/os/network/cisco_ios/c2960x/cisco_2_1_if_traffic_chk.md", "code": "NETWORK-CISCO-IOS-C2960X-INTERFACE-TRAFFIC-01", "error_type": "RuntimeError", "error": "POST /data/inspection/items HTTP 404: "}, {"path": "/home/fap/git/fap-vars/inspection_cases_bundle/api_data/os/network/cisco_ios/c2960x/cisco_2_2_if_status_chk.md", "code": "NETWORK-CISCO-IOS-C2960X-INTERFACE-STATUS-01", "error_type": "RuntimeError", "error": "POST /data/inspection/items HTTP 404: "}, {"path": "/home/fap/git/fap-vars/inspection_cases_bundle/api_data/os/network/cisco_ios/c2960x/cisco_3_1_sys_log_chk.md", "code": "NETWORK-CISCO-IOS-C2960X-SYSLOG-01", "error_type": "RuntimeError", "error": "POST /data/inspection/items HTTP 404: "}, {"path": "/home/fap/git/fap-vars/inspection_cases_bundle/api_data/os/network/juniper_junos/ex4300/1_1_cpu.md", "code": "NETWORK-JUNIPER-JUNOS-EX4300-1-1-CPU", "error_type": "RuntimeError", "error": "POST /data/inspection/items HTTP 404: "}, {"path": "/home/fap/git/fap-vars/inspection_cases_bundle/api_data/os/network/juniper_junos/ex4300/1_2_memory.md", "code": "NETWORK-JUNIPER-JUNOS-EX4300-1-2-MEMORY", "error_type": "RuntimeError", "error": "POST /data/inspection/items HTTP 404: "}, {"path": "/home/fap/git/fap-vars/inspection_cases_bundle/api_data/os/network/juniper_junos/ex4300/1_3_interface.md", "code": "NETWORK-JUNIPER-JUNOS-EX4300-1-3-INTERFACE", "error_type": "RuntimeError", "error": "POST /data/inspection/items HTTP 404: "}, {"path": "/home/fap/git/fap-vars/inspection_cases_bundle/api_data/os/network/juniper_junos/ex4300/2_1_inter_module.md", "code": "NETWORK-JUNIPER-JUNOS-EX4300-2-1-INTER-MODULE", "error_type": "RuntimeError", "error": "POST /data/inspection/items HTTP 404: "}, {"path": "/home/fap/git/fap-vars/inspection_cases_bundle/api_data/os/network/juniper_junos/ex4300/2_2_vlan.md", "code": "NETWORK-JUNIPER-JUNOS-EX4300-2-2-VLAN", "error_type": "RuntimeError", "error": "POST /data/inspection/items HTTP 404: "}, {"path": "/home/fap/git/fap-vars/inspection_cases_bundle/api_data/os/network/juniper_junos/ex4300/3_1_lb.md", "code": "NETWORK-JUNIPER-JUNOS-EX4300-3-1-LB", "error_type": "RuntimeError", "error": "POST /data/inspection/items HTTP 404: "}, {"path": "/home/fap/git/fap-vars/inspection_cases_bundle/api_data/os/network/juniper_junos/ex4300/3_2_mac.md", "code": "NETWORK-JUNIPER-JUNOS-EX4300-3-2-MAC", "error_type": "RuntimeError", "error": "POST /data/inspection/items HTTP 404: "}, {"path": "/home/fap/git/fap-vars/inspection_cases_bundle/api_data/os/network/juniper_junos/ex4300/3_3_route.md", "code": "NETWORK-JUNIPER-JUNOS-EX4300-3-3-ROUTE", "error_type": "RuntimeError", "error": "POST /data/inspection/items HTTP 404: "}, {"path": "/home/fap/git/fap-vars/inspection_cases_bundle/api_data/os/network/juniper_junos/ex4300/3_4_stp.md", "code": "NETWORK-JUNIPER-JUNOS-EX4300-3-4-STP", "error_type": "RuntimeError", "error": "POST /data/inspection/items HTTP 404: "}, {"path": "/home/fap/git/fap-vars/inspection_cases_bundle/api_data/os/network/juniper_junos/ex4300/3_5_vrrp.md", "code": "NETWORK-JUNIPER-JUNOS-EX4300-3-5-VRRP", "error_type": "RuntimeError", "error": "POST /data/inspection/items HTTP 404: "}, {"path": "/home/fap/git/fap-vars/inspection_cases_bundle/api_data/os/network/juniper_junos/ex4300/3_6_ping.md", "code": "NETWORK-JUNIPER-JUNOS-EX4300-3-6-PING", "error_type": "RuntimeError", "error": "POST /data/inspection/items HTTP 404: "}, {"path": "/home/fap/git/fap-vars/inspection_cases_bundle/api_data/os/network/juniper_junos/ex4300/4_1_syslog.md", "code": "NETWORK-JUNIPER-JUNOS-EX4300-4-1-SYSLOG", "error_type": "RuntimeError", "error": "POST /data/inspection/items HTTP 404: "}, {"path": "/home/fap/git/fap-vars/inspection_cases_bundle/api_data/os/network/juniper_junos/ex4300/5_1_etc.md", "code": "NETWORK-JUNIPER-JUNOS-EX4300-5-1-ETC", "error_type": "RuntimeError", "error": "POST /data/inspection/items HTTP 404: "}, {"path": "/home/fap/git/fap-vars/inspection_cases_bundle/api_data/os/network/nx_os/mds_c9148s/1_1_cpu.md", "code": "NETWORK-NXOS-MDS-C9148S-CPU-01", "error_type": "RuntimeError", "error": "POST /data/inspection/items HTTP 404: "}, {"path": "/home/fap/git/fap-vars/inspection_cases_bundle/api_data/os/network/nx_os/mds_c9148s/1_2_memory.md", "code": "NETWORK-NXOS-MDS-C9148S-MEMORY-01", "error_type": "RuntimeError", "error": "POST /data/inspection/items HTTP 404: "}, {"path": "/home/fap/git/fap-vars/inspection_cases_bundle/api_data/os/network/nx_os/mds_c9148s/1_3_interface.md", "code": "NETWORK-NXOS-MDS-C9148S-INTERFACE-USAGE-01", "error_type": "RuntimeError", "error": "POST /data/inspection/items HTTP 404: "}, {"path": "/home/fap/git/fap-vars/inspection_cases_bundle/api_data/os/network/nx_os/mds_c9148s/2_1_inter_module.md", "code": "NETWORK-NXOS-MDS-C9148S-INTERFACE-STATUS-01", "error_type": "RuntimeError", "error": "POST /data/inspection/items HTTP 404: "}, {"path": "/home/fap/git/fap-vars/inspection_cases_bundle/api_data/os/network/nx_os/mds_c9148s/2_2_vlan.md", "code": "NETWORK-NXOS-MDS-C9148S-VSAN-STATUS-01", "error_type": "RuntimeError", "error": "POST /data/inspection/items HTTP 404: "}, {"path": "/home/fap/git/fap-vars/inspection_cases_bundle/api_data/os/network/nx_os/mds_c9148s/3_1_lb.md", "code": "NETWORK-NXOS-MDS-C9148S-LB-01", "error_type": "RuntimeError", "error": "POST /data/inspection/items HTTP 404: "}, {"path": "/home/fap/git/fap-vars/inspection_cases_bundle/api_data/os/network/nx_os/mds_c9148s/3_2_mac.md", "code": "NETWORK-NXOS-MDS-C9148S-ARP-01", "error_type": "RuntimeError", "error": "POST /data/inspection/items HTTP 404: "}, {"path": "/home/fap/git/fap-vars/inspection_cases_bundle/api_data/os/network/nx_os/mds_c9148s/3_3_route.md", "code": "NETWORK-NXOS-MDS-C9148S-ROUTE-01", "error_type": "RuntimeError", "error": "POST /data/inspection/items HTTP 404: "}, {"path": "/home/fap/git/fap-vars/inspection_cases_bundle/api_data/os/network/nx_os/mds_c9148s/3_4_stp.md", "code": "NETWORK-NXOS-MDS-C9148S-STP-01", "error_type": "RuntimeError", "error": "POST /data/inspection/items HTTP 404: "}, {"path": "/home/fap/git/fap-vars/inspection_cases_bundle/api_data/os/network/nx_os/mds_c9148s/3_5_vrrp.md", "code": "NETWORK-NXOS-MDS-C9148S-VRRP-01", "error_type": "RuntimeError", "error": "POST /data/inspection/items HTTP 404: "}, {"path": "/home/fap/git/fap-vars/inspection_cases_bundle/api_data/os/network/nx_os/mds_c9148s/3_6_ping.md", "code": "NETWORK-NXOS-MDS-C9148S-PING-01", "error_type": "RuntimeError", "error": "POST /data/inspection/items HTTP 404: "}, {"path": "/home/fap/git/fap-vars/inspection_cases_bundle/api_data/os/network/nx_os/mds_c9148s/4_1_syslog.md", "code": "NETWORK-NXOS-MDS-C9148S-SYSLOG-01", "error_type": "RuntimeError", "error": "POST /data/inspection/items HTTP 404: "}, {"path": "/home/fap/git/fap-vars/inspection_cases_bundle/api_data/os/network/nx_os/mds_c9148s/5_1_etc.md", "code": "NETWORK-NXOS-MDS-C9148S-ENVIRONMENT-01", "error_type": "RuntimeError", "error": "POST /data/inspection/items HTTP 404: "}, {"path": "/home/fap/git/fap-vars/inspection_cases_bundle/api_data/os/network/piolink_pas/pas_k3200x/pio_1_1_cpu_usage_chk.md", "code": "NETWORK-PIOLINK-PAS-K3200X-CPU-USAGE-01", "error_type": "RuntimeError", "error": "POST /data/inspection/items HTTP 404: "}, {"path": "/home/fap/git/fap-vars/inspection_cases_bundle/api_data/os/network/piolink_pas/pas_k3200x/pio_1_2_mem_usage_chk.md", "code": "NETWORK-PIOLINK-PAS-K3200X-MEMORY-USAGE-01", "error_type": "RuntimeError", "error": "POST /data/inspection/items HTTP 404: "}, {"path": "/home/fap/git/fap-vars/inspection_cases_bundle/api_data/os/network/piolink_pas/pas_k3200x/pio_1_3_interface_chk.md", "code": "NETWORK-PIOLINK-PAS-K3200X-INTERFACE-USAGE-01", "error_type": "RuntimeError", "error": "POST /data/inspection/items HTTP 404: "}, {"path": "/home/fap/git/fap-vars/inspection_cases_bundle/api_data/os/network/piolink_pas/pas_k3200x/pio_2_1_hw_interface_chk.md", "code": "NETWORK-PIOLINK-PAS-K3200X-HW-INTERFACE-01", "error_type": "RuntimeError", "error": "POST /data/inspection/items HTTP 404: "}, {"path": "/home/fap/git/fap-vars/inspection_cases_bundle/api_data/os/network/piolink_pas/pas_k3200x/pio_2_2_hw_vlan_chk.md", "code": "NETWORK-PIOLINK-PAS-K3200X-HW-VLAN-01", "error_type": "RuntimeError", "error": "POST /data/inspection/items HTTP 404: "}, {"path": "/home/fap/git/fap-vars/inspection_cases_bundle/api_data/os/network/piolink_pas/pas_k3200x/pio_3_1_svc_lb_chk.md", "code": "NETWORK-PIOLINK-PAS-K3200X-SERVICE-LB-01", "error_type": "RuntimeError", "error": "POST /data/inspection/items HTTP 404: "}, {"path": "/home/fap/git/fap-vars/inspection_cases_bundle/api_data/os/network/piolink_pas/pas_k3200x/pio_3_2_svc_mac_chk.md", "code": "NETWORK-PIOLINK-PAS-K3200X-SERVICE-MAC-ARP-01", "error_type": "RuntimeError", "error": "POST /data/inspection/items HTTP 404: "}, {"path": "/home/fap/git/fap-vars/inspection_cases_bundle/api_data/os/network/piolink_pas/pas_k3200x/pio_3_3_svc_route_chk.md", "code": "NETWORK-PIOLINK-PAS-K3200X-SERVICE-ROUTE-01", "error_type": "RuntimeError", "error": "POST /data/inspection/items HTTP 404: "}, {"path": "/home/fap/git/fap-vars/inspection_cases_bundle/api_data/os/network/piolink_pas/pas_k3200x/pio_3_4_svc_stp_chk.md", "code": "NETWORK-PIOLINK-PAS-K3200X-SERVICE-STP-01", "error_type": "RuntimeError", "error": "POST /data/inspection/items HTTP 404: "}, {"path": "/home/fap/git/fap-vars/inspection_cases_bundle/api_data/os/network/piolink_pas/pas_k3200x/pio_3_5_svc_failover_chk.md", "code": "NETWORK-PIOLINK-PAS-K3200X-SERVICE-FAILOVER-01", "error_type": "RuntimeError", "error": "POST /data/inspection/items HTTP 404: "}, {"path": "/home/fap/git/fap-vars/inspection_cases_bundle/api_data/os/network/piolink_pas/pas_k3200x/pio_3_6_svc_ping_chk.md", "code": "NETWORK-PIOLINK-PAS-K3200X-SERVICE-PING-01", "error_type": "RuntimeError", "error": "POST /data/inspection/items HTTP 404: "}, {"path": "/home/fap/git/fap-vars/inspection_cases_bundle/api_data/os/network/piolink_pas/pas_k3200x/pio_4_1_log_chk.md", "code": "NETWORK-PIOLINK-PAS-K3200X-LOG-SYSTEM-01", "error_type": "RuntimeError", "error": "POST /data/inspection/items HTTP 404: "}, {"path": "/home/fap/git/fap-vars/inspection_cases_bundle/api_data/os/network/piolink_pas/pas_k3200x/pio_5_1_env_chk.md", "code": "NETWORK-PIOLINK-PAS-K3200X-ENVIRONMENT-01", "error_type": "RuntimeError", "error": "POST /data/inspection/items HTTP 404: "}, {"path": "/home/fap/git/fap-vars/inspection_cases_bundle/api_data/os/server/linux/rocky/rocky_cluster_daemon_crm_mon_check.md", "code": "U-REPLAY-CLUSTER-DAEMON-01", "error_type": "RuntimeError", "error": "POST /data/inspection/items HTTP 404: "}, {"path": "/home/fap/git/fap-vars/inspection_cases_bundle/api_data/os/server/linux/rocky/rocky_cluster_shared_volume_mount_check.md", "code": "U-REPLAY-CLUSTER-SHARED-VOLUME-01", "error_type": "RuntimeError", "error": "POST /data/inspection/items HTTP 404: "}, {"path": "/home/fap/git/fap-vars/inspection_cases_bundle/api_data/os/server/linux/rocky/rocky_disk_recognition_lsblk_check.md", "code": "U-REPLAY-LSBLK-01", "error_type": "RuntimeError", "error": "POST /data/inspection/items HTTP 404: "}, {"path": "/home/fap/git/fap-vars/inspection_cases_bundle/api_data/os/server/linux/rocky/rocky_log_cluster_dmesg_check.md", "code": "U-REPLAY-DMESG-CLUSTER-01", "error_type": "RuntimeError", "error": "POST /data/inspection/items HTTP 404: "}, {"path": "/home/fap/git/fap-vars/inspection_cases_bundle/api_data/os/server/linux/rocky/rocky_log_cpu_dmesg_check.md", "code": "U-REPLAY-DMESG-CPU-01", "error_type": "RuntimeError", "error": "POST /data/inspection/items HTTP 404: "}, {"path": "/home/fap/git/fap-vars/inspection_cases_bundle/api_data/os/server/linux/rocky/rocky_log_fan_dmesg_check.md", "code": "U-REPLAY-DMESG-FAN-01", "error_type": "RuntimeError", "error": "POST /data/inspection/items HTTP 404: "}, {"path": "/home/fap/git/fap-vars/inspection_cases_bundle/api_data/os/server/linux/rocky/rocky_log_kernel_dmesg_check.md", "code": "U-REPLAY-DMESG-PANIC-01", "error_type": "RuntimeError", "error": "POST /data/inspection/items HTTP 404: "}, {"path": "/home/fap/git/fap-vars/inspection_cases_bundle/api_data/os/server/linux/rocky/rocky_log_memory_dmesg_check.md", "code": "U-REPLAY-DMESG-MEMORY-01", "error_type": "RuntimeError", "error": "POST /data/inspection/items HTTP 404: "}, {"path": "/home/fap/git/fap-vars/inspection_cases_bundle/api_data/os/server/linux/rocky/rocky_log_nic_dmesg_check.md", "code": "U-REPLAY-DMESG-NIC-01", "error_type": "RuntimeError", "error": "POST /data/inspection/items HTTP 404: "}, {"path": "/home/fap/git/fap-vars/inspection_cases_bundle/api_data/os/server/linux/rocky/rocky_log_power_dmesg_check.md", "code": "U-REPLAY-DMESG-POWER-01", "error_type": "RuntimeError", "error": "POST /data/inspection/items HTTP 404: "}, {"path": "/home/fap/git/fap-vars/inspection_cases_bundle/api_data/os/server/linux/rocky/rocky_network_nic_redundancy_bonding_check.md", "code": "U-REPLAY-NIC-BONDING-01", "error_type": "RuntimeError", "error": "POST /data/inspection/items HTTP 404: "}, {"path": "/home/fap/git/fap-vars/inspection_cases_bundle/api_data/os/server/linux/rocky/rocky_os_path_redundancy_multipath_check.md", "code": "U-REPLAY-MULTIPATH-01", "error_type": "RuntimeError", "error": "POST /data/inspection/items HTTP 404: "}, {"path": "/home/fap/git/fap-vars/inspection_cases_bundle/api_data/os/server/unix/solaris/solaris_cluster_daemon_scstat_check.md", "code": "SOL-REPLAY-CLUSTER-02", "error_type": "RuntimeError", "error": "POST /data/inspection/items HTTP 404: "}, {"path": "/home/fap/git/fap-vars/inspection_cases_bundle/api_data/os/server/unix/solaris/solaris_cluster_shared_volume_mount_check.md", "code": "SOL-REPLAY-CLUSTER-03", "error_type": "RuntimeError", "error": "POST /data/inspection/items HTTP 404: "}, {"path": "/home/fap/git/fap-vars/inspection_cases_bundle/api_data/os/server/unix/solaris/solaris_log_cluster_clog_check.md", "code": "SOL-REPLAY-CLUSTER-01", "error_type": "RuntimeError", "error": "POST /data/inspection/items HTTP 404: "}, {"path": "/home/fap/git/fap-vars/inspection_cases_bundle/api_data/os/server/vmware/esxi/esxi_datastore_path_check.md", "code": "ESXI-DATASTORE-PATH-01", "error_type": "RuntimeError", "error": "POST /data/inspection/items HTTP 404: "}, {"path": "/home/fap/git/fap-vars/inspection_cases_bundle/api_data/os/server/vmware/esxi/esxi_status_agent_service_check.md", "code": "ESXI-STATUS-AGENT-SERVICE-01", "error_type": "RuntimeError", "error": "POST /data/inspection/items HTTP 404: "}, {"path": "/home/fap/git/fap-vars/inspection_cases_bundle/api_data/os/server/vmware/esxi/esxi_status_hardware_health_check.md", "code": "ESXI-STATUS-HARDWARE-HEALTH-01", "error_type": "RuntimeError", "error": "POST /data/inspection/items HTTP 404: "}, {"path": "/home/fap/git/fap-vars/inspection_cases_bundle/api_data/os/server/vmware/esxi/esxi_status_vcenter_agent_check.md", "code": "ESXI-STATUS-VCENTER-AGENT-01", "error_type": "RuntimeError", "error": "POST /data/inspection/items HTTP 404: "}, {"path": "/home/fap/git/fap-vars/inspection_cases_bundle/api_data/os/server/vmware/esxi/esxi_status_vm_list_check.md", "code": "ESXI-STATUS-VM-LIST-01", "error_type": "RuntimeError", "error": "POST /data/inspection/items HTTP 404: "}, {"path": "/home/fap/git/fap-vars/inspection_cases_bundle/api_data/os/server/windows/windows2019/windows_cluster_daemon_check.md", "code": "W-REPLAY-CLUSTER-DAEMON-01", "error_type": "RuntimeError", "error": "POST /data/inspection/items HTTP 404: "}, {"path": "/home/fap/git/fap-vars/inspection_cases_bundle/api_data/os/server/windows/windows2019/windows_cluster_shared_volume_check.md", "code": "W-REPLAY-CLUSTER-MOUNT-01", "error_type": "RuntimeError", "error": "POST /data/inspection/items HTTP 404: "}, {"path": "/home/fap/git/fap-vars/inspection_cases_bundle/api_data/os/server/windows/windows2019/windows_disk_recognition_cim_check.md", "code": "W-REPLAY-DISK-MOUNT-01", "error_type": "RuntimeError", "error": "POST /data/inspection/items HTTP 404: "}, {"path": "/home/fap/git/fap-vars/inspection_cases_bundle/api_data/os/server/windows/windows2019/windows_log_cluster_event_check.md", "code": "W-REPLAY-CLUSTER-LOG-01", "error_type": "RuntimeError", "error": "POST /data/inspection/items HTTP 404: "}, {"path": "/home/fap/git/fap-vars/inspection_cases_bundle/api_data/os/server/windows/windows2019/windows_log_kernel_event_check.md", "code": "W-REPLAY-KERNEL-LOG-01", "error_type": "RuntimeError", "error": "POST /data/inspection/items HTTP 404: "}, {"path": "/home/fap/git/fap-vars/inspection_cases_bundle/api_data/os/server/windows/windows2019/windows_log_power_event_check.md", "code": "W-REPLAY-POWER-LOG-01", "error_type": "RuntimeError", "error": "POST /data/inspection/items HTTP 404: "}, {"path": "/home/fap/git/fap-vars/inspection_cases_bundle/api_data/os/server/windows/windows2019/windows_memory_recognition_cim_check.md", "code": "W-REPLAY-MEM-STATUS-01", "error_type": "RuntimeError", "error": "POST /data/inspection/items HTTP 404: "}, {"path": "/home/fap/git/fap-vars/inspection_cases_bundle/api_data/os/server/windows/windows2019/windows_os_hba_connection_manual_check.md", "code": "W-REPLAY-OS-HBA-LINK-01", "error_type": "RuntimeError", "error": "POST /data/inspection/items HTTP 404: "}, {"path": "/home/fap/git/fap-vars/inspection_cases_bundle/api_data/os/server/windows/windows2019/windows_os_mpio_path_check.md", "code": "W-REPLAY-OS-PATH-HA-01", "error_type": "RuntimeError", "error": "POST /data/inspection/items HTTP 404: "}, {"path": "/home/fap/git/fap-vars/inspection_cases_bundle/api_data/os/storage/dell/ddos/dell_1_10_strg_controller_log_chk.md", "code": "NETWORK-DELL-DDOS-DELL-1-10-STRG-CONTROLLER-LOG-CHK", "error_type": "RuntimeError", "error": "POST /data/inspection/items HTTP 404: "}, {"path": "/home/fap/git/fap-vars/inspection_cases_bundle/api_data/os/storage/dell/ddos/dell_1_11_sps_log_chk.md", "code": "NETWORK-DELL-DDOS-DELL-1-11-SPS-LOG-CHK", "error_type": "RuntimeError", "error": "POST /data/inspection/items HTTP 404: "}, {"path": "/home/fap/git/fap-vars/inspection_cases_bundle/api_data/os/storage/dell/ddos/dell_1_12_strg_controller_log_chk.md", "code": "NETWORK-DELL-DDOS-DELL-1-12-STRG-CONTROLLER-LOG-CHK", "error_type": "RuntimeError", "error": "POST /data/inspection/items HTTP 404: "}, {"path": "/home/fap/git/fap-vars/inspection_cases_bundle/api_data/os/storage/dell/ddos/dell_1_13_strg_battery_log_chk.md", "code": "NETWORK-DELL-DDOS-DELL-1-13-STRG-BATTERY-LOG-CHK", "error_type": "RuntimeError", "error": "POST /data/inspection/items HTTP 404: "}, {"path": "/home/fap/git/fap-vars/inspection_cases_bundle/api_data/os/storage/dell/ddos/dell_1_1_event_log_chk.md", "code": "NETWORK-DELL-DDOS-DELL-1-1-EVENT-LOG-CHK", "error_type": "RuntimeError", "error": "POST /data/inspection/items HTTP 404: "}, {"path": "/home/fap/git/fap-vars/inspection_cases_bundle/api_data/os/storage/dell/ddos/dell_1_2_memory_log_chk.md", "code": "NETWORK-DELL-DDOS-DELL-1-2-MEMORY-LOG-CHK", "error_type": "RuntimeError", "error": "POST /data/inspection/items HTTP 404: "}, {"path": "/home/fap/git/fap-vars/inspection_cases_bundle/api_data/os/storage/dell/ddos/dell_1_3_disk_log_chk.md", "code": "NETWORK-DELL-DDOS-DELL-1-3-DISK-LOG-CHK", "error_type": "RuntimeError", "error": "POST /data/inspection/items HTTP 404: "}, {"path": "/home/fap/git/fap-vars/inspection_cases_bundle/api_data/os/storage/dell/ddos/dell_1_4_fan_log_chk.md", "code": "NETWORK-DELL-DDOS-DELL-1-4-FAN-LOG-CHK", "error_type": "RuntimeError", "error": "POST /data/inspection/items HTTP 404: "}, {"path": "/home/fap/git/fap-vars/inspection_cases_bundle/api_data/os/storage/dell/ddos/dell_1_5_power_log_chk.md", "code": "NETWORK-DELL-DDOS-DELL-1-5-POWER-LOG-CHK", "error_type": "RuntimeError", "error": "POST /data/inspection/items HTTP 404: "}, {"path": "/home/fap/git/fap-vars/inspection_cases_bundle/api_data/os/storage/dell/ddos/dell_1_6_hba_log_chk.md", "code": "NETWORK-DELL-DDOS-DELL-1-6-HBA-LOG-CHK", "error_type": "RuntimeError", "error": "POST /data/inspection/items HTTP 404: "}, {"path": "/home/fap/git/fap-vars/inspection_cases_bundle/api_data/os/storage/dell/ddos/dell_1_7_battery_log_chk.md", "code": "NETWORK-DELL-DDOS-DELL-1-7-BATTERY-LOG-CHK", "error_type": "RuntimeError", "error": "POST /data/inspection/items HTTP 404: "}, {"path": "/home/fap/git/fap-vars/inspection_cases_bundle/api_data/os/storage/dell/ddos/dell_1_8_controller_log_chk.md", "code": "NETWORK-DELL-DDOS-DELL-1-8-CONTROLLER-LOG-CHK", "error_type": "RuntimeError", "error": "POST /data/inspection/items HTTP 404: "}, {"path": "/home/fap/git/fap-vars/inspection_cases_bundle/api_data/os/storage/dell/ddos/dell_1_9_data_strg_log_chk.md", "code": "NETWORK-DELL-DDOS-DELL-1-9-DATA-STRG-LOG-CHK", "error_type": "RuntimeError", "error": "POST /data/inspection/items HTTP 404: "}, {"path": "/home/fap/git/fap-vars/inspection_cases_bundle/api_data/os/storage/dell/ddos/dell_2_1_multipath_chk.md", "code": "NETWORK-DELL-DDOS-DELL-2-1-MULTIPATH-CHK", "error_type": "RuntimeError", "error": "POST /data/inspection/items HTTP 404: "}, {"path": "/home/fap/git/fap-vars/inspection_cases_bundle/api_data/os/storage/dell/ddos/dell_3_1_env_power_chk.md", "code": "NETWORK-DELL-DDOS-DELL-3-1-ENV-POWER-CHK", "error_type": "RuntimeError", "error": "POST /data/inspection/items HTTP 404: "}, {"path": "/home/fap/git/fap-vars/inspection_cases_bundle/api_data/os/storage/dell/ddos/dell_3_2_env_log_chk.md", "code": "NETWORK-DELL-DDOS-DELL-3-2-ENV-LOG-CHK", "error_type": "RuntimeError", "error": "POST /data/inspection/items HTTP 404: "}, {"path": "/home/fap/git/fap-vars/inspection_cases_bundle/api_data/os/storage/dell/ddos/dell_3_3_env_hw_chk.md", "code": "NETWORK-DELL-DDOS-DELL-3-3-ENV-HW-CHK", "error_type": "RuntimeError", "error": "POST /data/inspection/items HTTP 404: "}, {"path": "/home/fap/git/fap-vars/inspection_cases_bundle/api_data/os/was/apache_tomcat/rocky/was_1_1_ps_cpu_chk.md", "code": "WAS-APACHE-TOMCAT-ROCKY-REPLAY-001", "error_type": "RuntimeError", "error": "POST /data/inspection/items HTTP 404: "}, {"path": "/home/fap/git/fap-vars/inspection_cases_bundle/api_data/os/was/apache_tomcat/rocky/was_1_2_ps_mem_chk.md", "code": "WAS-APACHE-TOMCAT-ROCKY-REPLAY-002", "error_type": "RuntimeError", "error": "POST /data/inspection/items HTTP 404: "}, {"path": "/home/fap/git/fap-vars/inspection_cases_bundle/api_data/os/was/apache_tomcat/rocky/was_1_3_ps_status_chk.md", "code": "WAS-APACHE-TOMCAT-ROCKY-REPLAY-003", "error_type": "RuntimeError", "error": "POST /data/inspection/items HTTP 404: "}, {"path": "/home/fap/git/fap-vars/inspection_cases_bundle/api_data/os/was/apache_tomcat/rocky/was_1_4_ps_startup_chk.md", "code": "WAS-APACHE-TOMCAT-ROCKY-REPLAY-004", "error_type": "RuntimeError", "error": "POST /data/inspection/items HTTP 404: "}, {"path": "/home/fap/git/fap-vars/inspection_cases_bundle/api_data/os/was/apache_tomcat/rocky/was_2_1_log_manage_chk.md", "code": "WAS-APACHE-TOMCAT-ROCKY-REPLAY-005", "error_type": "RuntimeError", "error": "POST /data/inspection/items HTTP 404: "}, {"path": "/home/fap/git/fap-vars/inspection_cases_bundle/api_data/os/was/apache_tomcat/rocky/was_2_2_log_service_chk.md", "code": "WAS-APACHE-TOMCAT-ROCKY-REPLAY-006", "error_type": "RuntimeError", "error": "POST /data/inspection/items HTTP 404: "}, {"path": "/home/fap/git/fap-vars/inspection_cases_bundle/api_data/os/was/apache_tomcat/rocky/was_2_3_log_cli_acs_chk.md", "code": "WAS-APACHE-TOMCAT-ROCKY-REPLAY-007", "error_type": "RuntimeError", "error": "POST /data/inspection/items HTTP 404: "}, {"path": "/home/fap/git/fap-vars/inspection_cases_bundle/api_data/os/was/apache_tomcat/rocky/was_2_4_log_gc_chk.md", "code": "WAS-APACHE-TOMCAT-ROCKY-REPLAY-008", "error_type": "RuntimeError", "error": "POST /data/inspection/items HTTP 404: "}, {"path": "/home/fap/git/fap-vars/inspection_cases_bundle/api_data/os/was/apache_tomcat/rocky/was_2_5_log_con_pool_chk.md", "code": "WAS-APACHE-TOMCAT-ROCKY-REPLAY-009", "error_type": "RuntimeError", "error": "POST /data/inspection/items HTTP 404: "}, {"path": "/home/fap/git/fap-vars/inspection_cases_bundle/api_data/os/was/apache_tomcat/rocky/was_4_1_work_thrd_chk.md", "code": "WAS-APACHE-TOMCAT-ROCKY-REPLAY-010", "error_type": "RuntimeError", "error": "POST /data/inspection/items HTTP 404: "}, {"path": "/home/fap/git/fap-vars/inspection_cases_bundle/api_data/os/was/apache_tomcat/rocky/was_4_2_runnable_thrd_chk.md", "code": "WAS-APACHE-TOMCAT-ROCKY-REPLAY-011", "error_type": "RuntimeError", "error": "POST /data/inspection/items HTTP 404: "}, {"path": "/home/fap/git/fap-vars/inspection_cases_bundle/api_data/os/was/apache_tomcat/rocky/was_5_1_con_pool_chk.md", "code": "WAS-APACHE-TOMCAT-ROCKY-REPLAY-012", "error_type": "RuntimeError", "error": "POST /data/inspection/items HTTP 404: "}, {"path": "/home/fap/git/fap-vars/inspection_cases_bundle/api_data/os/was/apache_tomcat/rocky/was_5_2_db_con_chk.md", "code": "WAS-APACHE-TOMCAT-ROCKY-REPLAY-013", "error_type": "RuntimeError", "error": "POST /data/inspection/items HTTP 404: "}, {"path": "/home/fap/git/fap-vars/inspection_cases_bundle/api_data/os/was/apache_tomcat/rocky/was_6_1_dump_chk.md", "code": "WAS-APACHE-TOMCAT-ROCKY-REPLAY-014", "error_type": "RuntimeError", "error": "POST /data/inspection/items HTTP 404: "}, {"path": "/home/fap/git/fap-vars/inspection_cases_bundle/api_data/os/was/jeus/rocky/was_1_1_ps_cpu_chk.md", "code": "WAS-JEUS-ROCKY-REPLAY-001", "error_type": "RuntimeError", "error": "POST /data/inspection/items HTTP 404: "}, {"path": "/home/fap/git/fap-vars/inspection_cases_bundle/api_data/os/was/jeus/rocky/was_1_2_ps_mem_chk.md", "code": "WAS-JEUS-ROCKY-REPLAY-002", "error_type": "RuntimeError", "error": "POST /data/inspection/items HTTP 404: "}, {"path": "/home/fap/git/fap-vars/inspection_cases_bundle/api_data/os/was/jeus/rocky/was_1_3_ps_status_chk.md", "code": "WAS-JEUS-ROCKY-REPLAY-003", "error_type": "RuntimeError", "error": "POST /data/inspection/items HTTP 404: "}, {"path": "/home/fap/git/fap-vars/inspection_cases_bundle/api_data/os/was/jeus/rocky/was_1_4_ps_startup_chk.md", "code": "WAS-JEUS-ROCKY-REPLAY-004", "error_type": "RuntimeError", "error": "POST /data/inspection/items HTTP 404: "}, {"path": "/home/fap/git/fap-vars/inspection_cases_bundle/api_data/os/was/jeus/rocky/was_2_1_log_manage_chk.md", "code": "WAS-JEUS-ROCKY-REPLAY-005", "error_type": "RuntimeError", "error": "POST /data/inspection/items HTTP 404: "}, {"path": "/home/fap/git/fap-vars/inspection_cases_bundle/api_data/os/was/jeus/rocky/was_2_2_log_service_chk.md", "code": "WAS-JEUS-ROCKY-REPLAY-006", "error_type": "RuntimeError", "error": "POST /data/inspection/items HTTP 404: "}, {"path": "/home/fap/git/fap-vars/inspection_cases_bundle/api_data/os/was/jeus/rocky/was_2_3_log_cli_acs_chk.md", "code": "WAS-JEUS-ROCKY-REPLAY-007", "error_type": "RuntimeError", "error": "POST /data/inspection/items HTTP 404: "}, {"path": "/home/fap/git/fap-vars/inspection_cases_bundle/api_data/os/was/jeus/rocky/was_2_4_log_gc_chk.md", "code": "WAS-JEUS-ROCKY-REPLAY-008", "error_type": "RuntimeError", "error": "POST /data/inspection/items HTTP 404: "}, {"path": "/home/fap/git/fap-vars/inspection_cases_bundle/api_data/os/was/jeus/rocky/was_2_5_log_con_pool_chk.md", "code": "WAS-JEUS-ROCKY-REPLAY-009", "error_type": "RuntimeError", "error": "POST /data/inspection/items HTTP 404: "}, {"path": "/home/fap/git/fap-vars/inspection_cases_bundle/api_data/os/was/jeus/rocky/was_3_1_jvm_heap_chk.md", "code": "WAS-JEUS-ROCKY-REPLAY-010", "error_type": "RuntimeError", "error": "POST /data/inspection/items HTTP 404: "}, {"path": "/home/fap/git/fap-vars/inspection_cases_bundle/api_data/os/was/jeus/rocky/was_4_1_work_thrd_chk.md", "code": "WAS-JEUS-ROCKY-REPLAY-011", "error_type": "RuntimeError", "error": "POST /data/inspection/items HTTP 404: "}, {"path": "/home/fap/git/fap-vars/inspection_cases_bundle/api_data/os/was/jeus/rocky/was_4_2_runnable_thrd_chk.md", "code": "WAS-JEUS-ROCKY-REPLAY-012", "error_type": "RuntimeError", "error": "POST /data/inspection/items HTTP 404: "}, {"path": "/home/fap/git/fap-vars/inspection_cases_bundle/api_data/os/was/jeus/rocky/was_5_1_con_pool_chk.md", "code": "WAS-JEUS-ROCKY-REPLAY-013", "error_type": "RuntimeError", "error": "POST /data/inspection/items HTTP 404: "}, {"path": "/home/fap/git/fap-vars/inspection_cases_bundle/api_data/os/was/jeus/rocky/was_5_2_db_con_chk.md", "code": "WAS-JEUS-ROCKY-REPLAY-014", "error_type": "RuntimeError", "error": "POST /data/inspection/items HTTP 404: "}, {"path": "/home/fap/git/fap-vars/inspection_cases_bundle/api_data/os/was/jeus/rocky/was_6_1_dump_chk.md", "code": "WAS-JEUS-ROCKY-REPLAY-015", "error_type": "RuntimeError", "error": "POST /data/inspection/items HTTP 404: "}, {"path": "/home/fap/git/fap-vars/inspection_cases_bundle/api_data/os/was/jeus/rocky/was_7_1_deploy_status_chk.md", "code": "WAS-JEUS-ROCKY-REPLAY-016", "error_type": "RuntimeError", "error": "POST /data/inspection/items HTTP 404: "}, {"path": "/home/fap/git/fap-vars/inspection_cases_bundle/api_data/os/was/jeus/rocky/was_8_1_thrd_pool_status_chk.md", "code": "WAS-JEUS-ROCKY-REPLAY-017", "error_type": "RuntimeError", "error": "POST /data/inspection/items HTTP 404: "}, {"path": "/home/fap/git/fap-vars/inspection_cases_bundle/api_data/os/was/jeus/rocky/was_9_1_start_script_chk.md", "code": "WAS-JEUS-ROCKY-REPLAY-018", "error_type": "RuntimeError", "error": "POST /data/inspection/items HTTP 404: "}, {"path": "/home/fap/git/fap-vars/inspection_cases_bundle/api_data/os/web/webtob/rocky/webtob_config_web_was_connection_webtob_ctl_status_check.md", "code": "WEBTOB-ROCKY-REPLAY-010", "error_type": "RuntimeError", "error": "POST /data/inspection/items HTTP 404: "}, {"path": "/home/fap/git/fap-vars/inspection_cases_bundle/api_data/os/web/webtob/rocky/webtob_filesystem_web_application_filesystem_df_h_check.md", "code": "WEBTOB-ROCKY-REPLAY-002", "error_type": "RuntimeError", "error": "POST /data/inspection/items HTTP 404: "}, {"path": "/home/fap/git/fap-vars/inspection_cases_bundle/api_data/os/web/webtob/rocky/webtob_filesystem_web_engine_filesystem_df_h_check.md", "code": "WEBTOB-ROCKY-REPLAY-001", "error_type": "RuntimeError", "error": "POST /data/inspection/items HTTP 404: "}, {"path": "/home/fap/git/fap-vars/inspection_cases_bundle/api_data/os/web/webtob/rocky/webtob_filesystem_web_log_filesystem_df_h_check.md", "code": "WEBTOB-ROCKY-REPLAY-003", "error_type": "RuntimeError", "error": "POST /data/inspection/items HTTP 404: "}, {"path": "/home/fap/git/fap-vars/inspection_cases_bundle/api_data/os/web/webtob/rocky/webtob_log_access_log_awk_status_200_check.md", "code": "WEBTOB-ROCKY-REPLAY-012", "error_type": "RuntimeError", "error": "POST /data/inspection/items HTTP 404: "}, {"path": "/home/fap/git/fap-vars/inspection_cases_bundle/api_data/os/web/webtob/rocky/webtob_log_error_log_grep_error_check.md", "code": "WEBTOB-ROCKY-REPLAY-015", "error_type": "RuntimeError", "error": "POST /data/inspection/items HTTP 404: "}, {"path": "/home/fap/git/fap-vars/inspection_cases_bundle/api_data/os/web/webtob/rocky/webtob_log_request_document_unavailable_awk_status_404_check.md", "code": "WEBTOB-ROCKY-REPLAY-013", "error_type": "RuntimeError", "error": "POST /data/inspection/items HTTP 404: "}, {"path": "/home/fap/git/fap-vars/inspection_cases_bundle/api_data/os/web/webtob/rocky/webtob_log_service_temporarily_unavailable_grep_status_503_check.md", "code": "WEBTOB-ROCKY-REPLAY-017", "error_type": "RuntimeError", "error": "POST /data/inspection/items HTTP 404: "}, {"path": "/home/fap/git/fap-vars/inspection_cases_bundle/api_data/os/web/webtob/rocky/webtob_log_was_response_time_awk_response_time_check.md", "code": "WEBTOB-ROCKY-REPLAY-014", "error_type": "RuntimeError", "error": "POST /data/inspection/items HTTP 404: "}, {"path": "/home/fap/git/fap-vars/inspection_cases_bundle/api_data/os/web/webtob/rocky/webtob_log_web_service_unavailable_grep_status_500_check.md", "code": "WEBTOB-ROCKY-REPLAY-016", "error_type": "RuntimeError", "error": "POST /data/inspection/items HTTP 404: "}, {"path": "/home/fap/git/fap-vars/inspection_cases_bundle/api_data/os/web/webtob/rocky/webtob_process_cpu_usage_top_grep_check.md", "code": "WEBTOB-ROCKY-REPLAY-004", "error_type": "RuntimeError", "error": "POST /data/inspection/items HTTP 404: "}, {"path": "/home/fap/git/fap-vars/inspection_cases_bundle/api_data/os/web/webtob/rocky/webtob_process_memory_usage_top_grep_check.md", "code": "WEBTOB-ROCKY-REPLAY-005", "error_type": "RuntimeError", "error": "POST /data/inspection/items HTTP 404: "}, {"path": "/home/fap/git/fap-vars/inspection_cases_bundle/api_data/os/web/webtob/rocky/webtob_process_startup_ps_aux_grep_check.md", "code": "WEBTOB-ROCKY-REPLAY-007", "error_type": "RuntimeError", "error": "POST /data/inspection/items HTTP 404: "}, {"path": "/home/fap/git/fap-vars/inspection_cases_bundle/api_data/os/web/webtob/rocky/webtob_process_status_top_grep_check.md", "code": "WEBTOB-ROCKY-REPLAY-006", "error_type": "RuntimeError", "error": "POST /data/inspection/items HTTP 404: "}, {"path": "/home/fap/git/fap-vars/inspection_cases_bundle/api_data/os/web/webtob/rocky/webtob_service_port_connection_telnet_check.md", "code": "WEBTOB-ROCKY-REPLAY-009", "error_type": "RuntimeError", "error": "POST /data/inspection/items HTTP 404: "}, {"path": "/home/fap/git/fap-vars/inspection_cases_bundle/api_data/os/web/webtob/rocky/webtob_service_port_open_netstat_grep_check.md", "code": "WEBTOB-ROCKY-REPLAY-008", "error_type": "RuntimeError", "error": "POST /data/inspection/items HTTP 404: "}, {"path": "/home/fap/git/fap-vars/inspection_cases_bundle/api_data/os/web/webtob/rocky/webtob_service_request_count_webtob_ctl_status_check.md", "code": "WEBTOB-ROCKY-REPLAY-011", "error_type": "RuntimeError", "error": "POST /data/inspection/items HTTP 404: "}]
